worker_id,worker_quality,quality_unknown,raw_worker_quality
7845,0.0,1,-1.0
7847,0.0,1,-1.0
7851,0.0,1,-1.0
7867,0.0,1,-1.0
7945,0.88,0,88.0
7949,0.0,1,-1.0
8011,0.0,1,-1.0
8039,0.0,1,-1.0
8056,0.0,1,-1.0
8060,0.0,1,-1.0
8064,0.0,1,-1.0
8066,0.0,1,-1.0
8082,0.0,1,-1.0
8089,0.0,1,-1.0
8097,0.0,1,-1.0
8099,0.0,1,-1.0
8102,0.92,0,92.0
8103,0.0,1,-1.0
8104,0.0,1,-1.0
8108,0.0,1,-1.0
8109,0.0,1,-1.0
8111,0.0,1,-1.0
8112,0.0,1,-1.0
8116,0.82,0,82.0
8121,0.84,0,84.0
8131,0.0,1,-1.0
8133,0.0,1,-1.0
8134,0.0,1,-1.0
8143,0.0,1,-1.0
8146,0.0,1,-1.0
8148,0.83,0,83.0
8153,0.0,1,-1.0
13005,0.0,1,-1.0
14233,0.0,1,-1.0
14339,0.0,1,-1.0
14737,0.0,1,-1.0
14778,0.0,1,-1.0
15108,0.0,1,-1.0
15173,0.0,1,-1.0
15180,0.0,1,-1.0
15204,0.0,1,-1.0
15218,0.0,1,-1.0
15545,0.0,1,-1.0
15640,0.0,1,-1.0
15690,0.0,1,-1.0
15829,0.0,1,-1.0
15866,0.91,0,91.0
16609,0.0,1,-1.0
16643,0.0,1,-1.0
16682,0.0,1,-1.0
16955,0.0,1,-1.0
16961,0.0,1,-1.0
17065,0.0,1,-1.0
17198,0.0,1,-1.0
17326,0.0,1,-1.0
17738,0.0,1,-1.0
17837,0.0,1,-1.0
17904,0.0,1,-1.0
17991,0.0,1,-1.0
18076,0.0,1,-1.0
18077,0.0,1,-1.0
18134,0.0,1,-1.0
18293,0.0,1,-1.0
18439,0.0,1,-1.0
18731,0.0,1,-1.0
19220,0.0,1,-1.0
19298,0.0,1,-1.0
19384,0.0,1,-1.0
19471,0.0,1,-1.0
19472,0.0,1,-1.0
19516,0.0,1,-1.0
19751,0.0,1,-1.0
19883,0.0,1,-1.0
20003,0.0,1,-1.0
20055,0.0,1,-1.0
20184,0.0,1,-1.0
20303,0.0,1,-1.0
20361,0.98,0,98.0
20374,0.0,1,-1.0
20382,0.0,1,-1.0
20418,0.0,1,-1.0
20496,0.0,1,-1.0
20747,0.0,1,-1.0
20990,0.0,1,-1.0
21250,0.0,1,-1.0
21283,0.0,1,-1.0
21299,0.0,1,-1.0
21518,0.0,1,-1.0
21587,0.0,1,-1.0
21678,0.0,1,-1.0
21765,0.0,1,-1.0
21788,0.0,1,-1.0
22025,0.0,1,-1.0
22030,0.0,1,-1.0
22067,0.83,0,83.0
22084,0.0,1,-1.0
22204,0.0,1,-1.0
22276,0.0,1,-1.0
22317,0.0,1,-1.0
22340,0.0,1,-1.0
22389,0.0,1,-1.0
22626,0.0,1,-1.0
22846,0.0,1,-1.0
22944,0.0,1,-1.0
23302,0.0,1,-1.0
23535,0.0,1,-1.0
23958,0.0,1,-1.0
24017,0.88,0,88.0
24024,0.0,1,-1.0
24835,0.0,1,-1.0
25097,0.0,1,-1.0
25098,0.0,1,-1.0
25264,0.0,1,-1.0
25298,0.0,1,-1.0
25851,0.0,1,-1.0
26080,0.0,1,-1.0
26755,0.0,1,-1.0
28106,0.0,1,-1.0
32781,0.0,1,-1.0
32907,0.0,1,-1.0
32972,0.0,1,-1.0
33524,0.0,1,-1.0
33533,0.0,1,-1.0
33584,0.0,1,-1.0
34438,0.0,1,-1.0
34510,0.0,1,-1.0
34798,0.0,1,-1.0
35567,0.0,1,-1.0
36098,0.0,1,-1.0
36280,0.85,0,85.0
36343,0.0,1,-1.0
36373,0.0,1,-1.0
36754,0.0,1,-1.0
36861,0.0,1,-1.0
37030,0.0,1,-1.0
37333,0.0,1,-1.0
37594,0.0,1,-1.0
37613,0.0,1,-1.0
37804,0.0,1,-1.0
37834,0.0,1,-1.0
37896,0.0,1,-1.0
37971,0.0,1,-1.0
38124,0.0,1,-1.0
38200,0.0,1,-1.0
38251,0.0,1,-1.0
38437,0.0,1,-1.0
39651,0.0,1,-1.0
40004,0.0,1,-1.0
40066,0.0,1,-1.0
40323,0.0,1,-1.0
40354,0.0,1,-1.0
40584,0.0,1,-1.0
41101,0.0,1,-1.0
41187,0.0,1,-1.0
41665,0.0,1,-1.0
42199,0.0,1,-1.0
42446,0.0,1,-1.0
42514,0.0,1,-1.0
43164,0.0,1,-1.0
43446,0.0,1,-1.0
45166,0.0,1,-1.0
45726,0.0,1,-1.0
45998,0.0,1,-1.0
46024,0.0,1,-1.0
46041,0.0,1,-1.0
46066,0.0,1,-1.0
46356,0.0,1,-1.0
46629,0.0,1,-1.0
46722,0.0,1,-1.0
46733,0.0,1,-1.0
46813,0.0,1,-1.0
47301,0.0,1,-1.0
47655,0.0,1,-1.0
48036,0.0,1,-1.0
48108,0.0,1,-1.0
48971,0.0,1,-1.0
49013,0.0,1,-1.0
49377,0.0,1,-1.0
49426,0.0,1,-1.0
49580,0.0,1,-1.0
50188,0.0,1,-1.0
50396,0.0,1,-1.0
51423,0.0,1,-1.0
51808,0.0,1,-1.0
51813,0.0,1,-1.0
51978,0.9,0,90.0
52042,0.0,1,-1.0
52267,0.0,1,-1.0
52718,0.0,1,-1.0
52961,0.0,1,-1.0
53007,0.0,1,-1.0
53527,0.0,1,-1.0
53713,0.77,0,77.0
54414,0.0,1,-1.0
54828,0.0,1,-1.0
54898,0.0,1,-1.0
55783,0.0,1,-1.0
55867,0.0,1,-1.0
56125,0.0,1,-1.0
56921,0.0,1,-1.0
57103,0.0,1,-1.0
57667,0.0,1,-1.0
58915,0.0,1,-1.0
60902,0.0,1,-1.0
62168,0.0,1,-1.0
62182,0.81,0,81.0
62198,0.78,0,78.0
63192,0.0,1,-1.0
63528,0.0,1,-1.0
63565,0.0,1,-1.0
63590,0.0,1,-1.0
64660,0.0,1,-1.0
65316,0.0,1,-1.0
65524,0.0,1,-1.0
66468,0.0,1,-1.0
66540,0.0,1,-1.0
66697,0.0,1,-1.0
66911,0.0,1,-1.0
66939,0.0,1,-1.0
68034,0.0,1,-1.0
69381,0.0,1,-1.0
69893,0.0,1,-1.0
70242,0.0,1,-1.0
70410,0.0,1,-1.0
70788,0.0,1,-1.0
71681,0.0,1,-1.0
71786,0.0,1,-1.0
72022,0.0,1,-1.0
73167,0.0,1,-1.0
73402,0.0,1,-1.0
73462,0.0,1,-1.0
78165,0.0,1,-1.0
79419,0.0,1,-1.0
82737,0.0,1,-1.0
82755,0.0,1,-1.0
83227,0.0,1,-1.0
83394,0.0,1,-1.0
84184,0.0,1,-1.0
85747,0.0,1,-1.0
85835,0.0,1,-1.0
85927,0.0,1,-1.0
86395,0.0,1,-1.0
86720,0.0,1,-1.0
87174,0.0,1,-1.0
87604,0.0,1,-1.0
88291,0.0,1,-1.0
88621,0.0,1,-1.0
89149,0.0,1,-1.0
89233,0.0,1,-1.0
89247,0.0,1,-1.0
89271,0.0,1,-1.0
90114,0.0,1,-1.0
90129,0.0,1,-1.0
90313,0.0,1,-1.0
90515,0.0,1,-1.0
90763,0.0,1,-1.0
90921,0.0,1,-1.0
90987,0.0,1,-1.0
91518,0.0,1,-1.0
91567,0.0,1,-1.0
91775,0.0,1,-1.0
91856,0.0,1,-1.0
92208,0.0,1,-1.0
92553,0.0,1,-1.0
93288,0.0,1,-1.0
93541,0.0,1,-1.0
94246,0.0,1,-1.0
95925,0.0,1,-1.0
96535,0.0,1,-1.0
96989,0.0,1,-1.0
97212,0.0,1,-1.0
97277,0.0,1,-1.0
97585,0.0,1,-1.0
98712,0.0,1,-1.0
99096,0.0,1,-1.0
99114,0.0,1,-1.0
99138,0.0,1,-1.0
100727,0.0,1,-1.0
101005,0.0,1,-1.0
103100,0.0,1,-1.0
103542,0.0,1,-1.0
104332,0.0,1,-1.0
105057,0.0,1,-1.0
105106,0.0,1,-1.0
105548,0.0,1,-1.0
106917,0.0,1,-1.0
107124,0.0,1,-1.0
107376,0.83,0,83.0
109217,0.0,1,-1.0
109289,0.0,1,-1.0
109854,0.0,1,-1.0
110368,0.0,1,-1.0
110752,0.0,1,-1.0
111045,0.0,1,-1.0
111264,0.0,1,-1.0
111416,0.0,1,-1.0
112102,0.0,1,-1.0
112136,0.0,1,-1.0
112253,0.84,0,84.0
113113,0.0,1,-1.0
113320,0.0,1,-1.0
113496,0.74,0,74.0
113497,0.0,1,-1.0
113573,0.0,1,-1.0
113683,0.0,1,-1.0
114390,0.0,1,-1.0
114539,0.0,1,-1.0
115518,0.0,1,-1.0
115797,0.0,1,-1.0
115976,0.0,1,-1.0
116845,0.0,1,-1.0
117088,0.96,0,96.0
117332,0.0,1,-1.0
117408,0.0,1,-1.0
118416,0.0,1,-1.0
119201,0.0,1,-1.0
119248,0.0,1,-1.0
119692,0.0,1,-1.0
120238,0.0,1,-1.0
120316,0.0,1,-1.0
121008,0.0,1,-1.0
121400,0.0,1,-1.0
122620,0.0,1,-1.0
123469,0.0,1,-1.0
123534,0.0,1,-1.0
124063,0.0,1,-1.0
124422,0.0,1,-1.0
124469,0.0,1,-1.0
124503,0.0,1,-1.0
124504,0.0,1,-1.0
124723,0.0,1,-1.0
125049,0.0,1,-1.0
125718,0.0,1,-1.0
128276,0.91,0,91.0
128709,0.0,1,-1.0
128829,0.0,1,-1.0
128959,0.86,0,86.0
131185,0.0,1,-1.0
131641,0.0,1,-1.0
131794,0.0,1,-1.0
132542,0.0,1,-1.0
132596,0.0,1,-1.0
132862,0.0,1,-1.0
132898,0.0,1,-1.0
133276,0.0,1,-1.0
133858,0.0,1,-1.0
133950,0.0,1,-1.0
134366,0.0,1,-1.0
134860,0.0,1,-1.0
135808,0.0,1,-1.0
135894,0.0,1,-1.0
135896,0.0,1,-1.0
136036,0.0,1,-1.0
136073,0.0,1,-1.0
136171,0.0,1,-1.0
136218,0.0,1,-1.0
136546,0.0,1,-1.0
137123,0.0,1,-1.0
137165,0.0,1,-1.0
137168,0.0,1,-1.0
137170,0.0,1,-1.0
137863,0.0,1,-1.0
138108,0.0,1,-1.0
138141,0.0,1,-1.0
138291,0.0,1,-1.0
138299,0.0,1,-1.0
138434,0.0,1,-1.0
138685,0.0,1,-1.0
138721,0.0,1,-1.0
138738,0.0,1,-1.0
138743,0.0,1,-1.0
139004,0.0,1,-1.0
139504,0.0,1,-1.0
139780,0.0,1,-1.0
140062,0.0,1,-1.0
140191,0.0,1,-1.0
140875,0.0,1,-1.0
140995,0.0,1,-1.0
141426,0.0,1,-1.0
141867,0.0,1,-1.0
142265,0.0,1,-1.0
142946,0.0,1,-1.0
143674,0.0,1,-1.0
144106,0.0,1,-1.0
144131,0.0,1,-1.0
144852,0.0,1,-1.0
146079,0.0,1,-1.0
146620,0.7,0,70.0
146717,0.0,1,-1.0
147300,0.0,1,-1.0
147502,0.0,1,-1.0
147509,0.0,1,-1.0
148037,0.88,0,88.0
148579,0.0,1,-1.0
149046,0.0,1,-1.0
151174,0.0,1,-1.0
151849,0.0,1,-1.0
152728,0.0,1,-1.0
153207,0.0,1,-1.0
153260,0.0,1,-1.0
155020,0.0,1,-1.0
155301,0.0,1,-1.0
157155,0.0,1,-1.0
157469,0.0,1,-1.0
157693,0.0,1,-1.0
157941,0.0,1,-1.0
158113,0.0,1,-1.0
160539,0.0,1,-1.0
162323,0.0,1,-1.0
165431,0.0,1,-1.0
165561,0.85,0,85.0
165943,0.0,1,-1.0
166200,0.0,1,-1.0
166695,0.0,1,-1.0
166816,0.0,1,-1.0
167224,0.0,1,-1.0
167411,0.0,1,-1.0
168364,0.0,1,-1.0
169281,0.0,1,-1.0
171936,0.0,1,-1.0
172014,0.0,1,-1.0
172027,0.0,1,-1.0
173767,0.0,1,-1.0
173923,0.0,1,-1.0
174438,0.0,1,-1.0
174581,0.0,1,-1.0
175356,0.0,1,-1.0
176151,0.0,1,-1.0
176728,0.0,1,-1.0
176884,0.0,1,-1.0
177893,0.83,0,83.0
178770,0.0,1,-1.0
178824,0.0,1,-1.0
180059,0.0,1,-1.0
180594,0.89,0,89.0
180802,0.0,1,-1.0
181134,0.0,1,-1.0
181564,0.0,1,-1.0
183511,0.0,1,-1.0
183923,0.8,0,80.0
184071,0.0,1,-1.0
185157,0.0,1,-1.0
185541,0.0,1,-1.0
185597,0.0,1,-1.0
186865,0.0,1,-1.0
186967,0.0,1,-1.0
187317,0.0,1,-1.0
187651,0.0,1,-1.0
188061,0.0,1,-1.0
188240,0.0,1,-1.0
188652,0.0,1,-1.0
188707,0.0,1,-1.0
189201,0.0,1,-1.0
189466,0.0,1,-1.0
190875,0.0,1,-1.0
191431,0.0,1,-1.0
193898,0.0,1,-1.0
193937,0.0,1,-1.0
193950,0.0,1,-1.0
194249,0.0,1,-1.0
194415,0.78,0,78.0
194887,0.0,1,-1.0
195267,0.0,1,-1.0
196241,0.0,1,-1.0
197666,0.0,1,-1.0
197688,0.0,1,-1.0
198420,0.0,1,-1.0
198731,0.0,1,-1.0
203346,0.0,1,-1.0
203452,0.0,1,-1.0
203623,0.0,1,-1.0
203754,0.0,1,-1.0
203876,0.0,1,-1.0
203974,0.0,1,-1.0
204846,0.0,1,-1.0
205656,0.0,1,-1.0
207437,0.0,1,-1.0
207448,0.0,1,-1.0
207749,0.0,1,-1.0
207969,0.0,1,-1.0
208087,0.0,1,-1.0
208541,0.0,1,-1.0
209312,0.0,1,-1.0
210322,0.0,1,-1.0
210448,0.0,1,-1.0
211317,0.0,1,-1.0
211625,0.0,1,-1.0
212878,0.0,1,-1.0
212997,0.0,1,-1.0
213231,0.0,1,-1.0
213795,0.0,1,-1.0
213818,0.0,1,-1.0
215738,0.0,1,-1.0
215760,0.0,1,-1.0
215924,0.0,1,-1.0
215936,0.0,1,-1.0
216210,0.0,1,-1.0
216716,0.0,1,-1.0
216827,0.0,1,-1.0
217313,0.0,1,-1.0
217400,0.0,1,-1.0
217561,0.0,1,-1.0
218363,0.0,1,-1.0
218569,0.0,1,-1.0
218570,0.84,0,84.0
218674,0.0,1,-1.0
218930,0.0,1,-1.0
219132,0.0,1,-1.0
219517,0.0,1,-1.0
220556,0.0,1,-1.0
220747,0.0,1,-1.0
221820,0.0,1,-1.0
222597,0.0,1,-1.0
224807,0.0,1,-1.0
224959,0.0,1,-1.0
225067,0.0,1,-1.0
225509,0.0,1,-1.0
226764,0.0,1,-1.0
227390,0.0,1,-1.0
227431,0.0,1,-1.0
227486,0.0,1,-1.0
227706,0.0,1,-1.0
229263,0.0,1,-1.0
230452,0.0,1,-1.0
230861,0.0,1,-1.0
232498,0.0,1,-1.0
232719,0.0,1,-1.0
233387,0.0,1,-1.0
234211,0.0,1,-1.0
234394,0.0,1,-1.0
234461,0.0,1,-1.0
234653,0.0,1,-1.0
234682,0.0,1,-1.0
235867,0.0,1,-1.0
236053,0.0,1,-1.0
236525,0.0,1,-1.0
236811,0.0,1,-1.0
237118,0.0,1,-1.0
237631,0.0,1,-1.0
238207,0.0,1,-1.0
239380,0.0,1,-1.0
239781,0.0,1,-1.0
240026,0.0,1,-1.0
241836,0.0,1,-1.0
242478,0.0,1,-1.0
242623,0.0,1,-1.0
242717,0.0,1,-1.0
242830,0.0,1,-1.0
243281,0.0,1,-1.0
245258,0.0,1,-1.0
245457,0.0,1,-1.0
245917,0.0,1,-1.0
246061,0.0,1,-1.0
247250,0.0,1,-1.0
247731,0.0,1,-1.0
248330,0.0,1,-1.0
249700,0.0,1,-1.0
249773,0.0,1,-1.0
250251,0.0,1,-1.0
250960,0.0,1,-1.0
251635,0.0,1,-1.0
251769,0.0,1,-1.0
251837,0.0,1,-1.0
252201,0.0,1,-1.0
252246,0.0,1,-1.0
256528,0.0,1,-1.0
259255,0.0,1,-1.0
259848,0.0,1,-1.0
259952,0.0,1,-1.0
260345,0.0,1,-1.0
260501,0.0,1,-1.0
260856,0.0,1,-1.0
261029,0.0,1,-1.0
261211,0.0,1,-1.0
263781,0.0,1,-1.0
263994,0.0,1,-1.0
264125,0.0,1,-1.0
264256,0.0,1,-1.0
264430,0.0,1,-1.0
265863,0.0,1,-1.0
266317,0.0,1,-1.0
266350,0.0,1,-1.0
266355,0.0,1,-1.0
268218,0.0,1,-1.0
269647,0.0,1,-1.0
270242,0.0,1,-1.0
270360,0.0,1,-1.0
271293,0.0,1,-1.0
272229,0.0,1,-1.0
272825,0.0,1,-1.0
272963,0.0,1,-1.0
274223,0.0,1,-1.0
275436,0.0,1,-1.0
275984,0.0,1,-1.0
277272,0.0,1,-1.0
278142,0.0,1,-1.0
278552,0.0,1,-1.0
278974,0.0,1,-1.0
281970,0.0,1,-1.0
282992,0.0,1,-1.0
283514,0.0,1,-1.0
283637,0.0,1,-1.0
284314,0.0,1,-1.0
284879,0.0,1,-1.0
287216,0.0,1,-1.0
289151,0.0,1,-1.0
289407,0.0,1,-1.0
290433,0.0,1,-1.0
290556,0.0,1,-1.0
291740,0.0,1,-1.0
293492,0.0,1,-1.0
294476,0.0,1,-1.0
294855,0.0,1,-1.0
294923,0.0,1,-1.0
295682,0.0,1,-1.0
295723,0.0,1,-1.0
296098,0.0,1,-1.0
296248,0.0,1,-1.0
297212,0.0,1,-1.0
297667,0.0,1,-1.0
297810,0.85,0,85.0
297992,0.0,1,-1.0
298703,0.0,1,-1.0
298830,0.0,1,-1.0
298941,0.0,1,-1.0
300094,0.0,1,-1.0
300411,0.0,1,-1.0
301322,0.0,1,-1.0
301954,0.0,1,-1.0
302585,0.0,1,-1.0
303389,0.0,1,-1.0
303396,0.0,1,-1.0
304235,0.76,0,76.0
305653,0.0,1,-1.0
305850,0.85,0,85.0
306649,0.0,1,-1.0
306993,0.0,1,-1.0
308402,0.0,1,-1.0
308705,0.0,1,-1.0
309835,0.0,1,-1.0
309977,0.0,1,-1.0
310180,0.0,1,-1.0
310312,0.0,1,-1.0
312660,0.0,1,-1.0
314103,0.0,1,-1.0
314735,0.0,1,-1.0
315334,0.0,1,-1.0
316252,0.0,1,-1.0
317471,0.0,1,-1.0
318902,0.0,1,-1.0
319886,0.0,1,-1.0
320192,0.0,1,-1.0
320339,0.0,1,-1.0
321005,0.0,1,-1.0
321658,0.0,1,-1.0
322271,0.0,1,-1.0
322932,0.0,1,-1.0
323044,0.0,1,-1.0
323481,0.0,1,-1.0
324094,0.0,1,-1.0
325360,0.0,1,-1.0
326581,0.0,1,-1.0
326808,0.0,1,-1.0
330320,0.0,1,-1.0
330774,0.0,1,-1.0
332856,0.0,1,-1.0
333499,0.0,1,-1.0
333736,0.0,1,-1.0
333782,0.0,1,-1.0
334594,0.0,1,-1.0
334831,0.0,1,-1.0
335394,0.0,1,-1.0
336016,0.0,1,-1.0
336663,0.0,1,-1.0
337216,0.0,1,-1.0
339402,0.0,1,-1.0
339498,0.79,0,79.0
339560,0.0,1,-1.0
340036,0.0,1,-1.0
340131,0.0,1,-1.0
340384,0.0,1,-1.0
342093,0.0,1,-1.0
343791,0.0,1,-1.0
344082,0.0,1,-1.0
344194,0.0,1,-1.0
344879,0.0,1,-1.0
345737,0.0,1,-1.0
345767,0.0,1,-1.0
346598,0.0,1,-1.0
346674,0.0,1,-1.0
347407,0.0,1,-1.0
351390,0.0,1,-1.0
352141,0.0,1,-1.0
352196,0.86,0,86.0
352874,0.0,1,-1.0
353308,0.0,1,-1.0
353403,0.0,1,-1.0
353559,0.0,1,-1.0
353722,0.0,1,-1.0
353978,0.0,1,-1.0
354605,0.0,1,-1.0
355162,0.0,1,-1.0
355474,0.0,1,-1.0
355999,0.0,1,-1.0
357402,0.0,1,-1.0
357437,0.0,1,-1.0
359348,0.0,1,-1.0
361177,0.0,1,-1.0
361901,0.0,1,-1.0
363446,0.0,1,-1.0
363651,0.0,1,-1.0
363861,0.87,0,87.0
365705,0.0,1,-1.0
365920,0.0,1,-1.0
366648,0.0,1,-1.0
367565,0.0,1,-1.0
367629,0.0,1,-1.0
368556,0.0,1,-1.0
369242,0.0,1,-1.0
369452,0.0,1,-1.0
371558,0.0,1,-1.0
372670,0.0,1,-1.0
372816,0.0,1,-1.0
374325,0.0,1,-1.0
375186,0.0,1,-1.0
375462,0.0,1,-1.0
375787,0.0,1,-1.0
375982,0.0,1,-1.0
378356,0.0,1,-1.0
378457,0.0,1,-1.0
379018,0.0,1,-1.0
379025,0.0,1,-1.0
379543,0.0,1,-1.0
381260,0.83,0,83.0
381392,0.0,1,-1.0
381539,0.0,1,-1.0
383482,0.0,1,-1.0
383895,0.0,1,-1.0
384293,0.0,1,-1.0
385540,0.0,1,-1.0
385820,0.0,1,-1.0
387051,0.0,1,-1.0
387341,0.0,1,-1.0
390630,0.0,1,-1.0
391369,0.0,1,-1.0
393610,0.0,1,-1.0
393629,0.0,1,-1.0
393671,0.0,1,-1.0
394149,0.0,1,-1.0
394499,0.0,1,-1.0
395794,0.0,1,-1.0
396414,0.0,1,-1.0
397132,0.0,1,-1.0
397237,0.0,1,-1.0
398328,0.0,1,-1.0
398378,0.0,1,-1.0
399189,0.0,1,-1.0
399495,0.0,1,-1.0
399916,0.0,1,-1.0
400085,0.0,1,-1.0
400757,0.0,1,-1.0
401571,0.0,1,-1.0
402261,0.0,1,-1.0
402736,0.0,1,-1.0
403581,0.0,1,-1.0
403803,0.0,1,-1.0
404644,0.0,1,-1.0
405108,0.0,1,-1.0
405317,0.0,1,-1.0
405766,0.0,1,-1.0
406212,0.0,1,-1.0
406676,0.0,1,-1.0
408193,0.0,1,-1.0
409878,0.0,1,-1.0
410551,0.0,1,-1.0
411011,0.0,1,-1.0
411044,0.0,1,-1.0
411109,0.0,1,-1.0
411224,0.0,1,-1.0
413434,0.0,1,-1.0
413573,0.0,1,-1.0
414866,0.0,1,-1.0
415349,0.0,1,-1.0
415433,0.0,1,-1.0
415498,0.0,1,-1.0
416164,0.0,1,-1.0
417154,0.0,1,-1.0
417712,0.0,1,-1.0
417895,0.0,1,-1.0
419194,0.0,1,-1.0
422607,0.0,1,-1.0
423679,0.0,1,-1.0
424334,0.0,1,-1.0
425657,0.0,1,-1.0
426163,0.0,1,-1.0
426990,0.0,1,-1.0
427114,0.0,1,-1.0
427146,0.0,1,-1.0
428108,0.0,1,-1.0
429155,0.0,1,-1.0
429645,0.0,1,-1.0
430092,0.0,1,-1.0
430118,0.0,1,-1.0
430862,0.0,1,-1.0
431520,0.0,1,-1.0
432207,0.0,1,-1.0
433253,0.0,1,-1.0
434261,0.0,1,-1.0
434292,0.0,1,-1.0
435021,0.0,1,-1.0
435472,0.0,1,-1.0
436866,0.0,1,-1.0
437211,0.0,1,-1.0
437966,0.0,1,-1.0
438009,0.0,1,-1.0
441146,0.0,1,-1.0
441348,0.0,1,-1.0
444740,0.0,1,-1.0
445073,0.0,1,-1.0
445847,0.91,0,91.0
445929,0.0,1,-1.0
446503,0.0,1,-1.0
446638,0.0,1,-1.0
446901,0.0,1,-1.0
447925,0.0,1,-1.0
448689,0.0,1,-1.0
451207,0.0,1,-1.0
451501,0.0,1,-1.0
451530,0.0,1,-1.0
451719,0.0,1,-1.0
452054,0.0,1,-1.0
452136,0.0,1,-1.0
452161,0.0,1,-1.0
452559,0.0,1,-1.0
453013,0.0,1,-1.0
453063,0.0,1,-1.0
454126,0.0,1,-1.0
454159,0.0,1,-1.0
454563,0.0,1,-1.0
455129,0.0,1,-1.0
455466,0.0,1,-1.0
455870,0.0,1,-1.0
456621,0.0,1,-1.0
457018,0.0,1,-1.0
457144,0.0,1,-1.0
457435,0.86,0,86.0
457571,0.0,1,-1.0
458725,0.0,1,-1.0
458857,0.0,1,-1.0
459335,0.0,1,-1.0
459390,0.0,1,-1.0
459699,0.0,1,-1.0
459965,0.0,1,-1.0
460010,0.0,1,-1.0
460137,0.0,1,-1.0
461637,0.0,1,-1.0
461663,0.0,1,-1.0
461822,0.0,1,-1.0
462262,0.0,1,-1.0
463353,0.0,1,-1.0
463883,0.0,1,-1.0
464227,0.0,1,-1.0
465137,0.0,1,-1.0
467224,0.0,1,-1.0
469225,0.0,1,-1.0
469351,0.0,1,-1.0
470525,0.0,1,-1.0
470904,0.0,1,-1.0
471546,0.0,1,-1.0
472950,0.0,1,-1.0
473880,0.0,1,-1.0
475199,0.0,1,-1.0
476571,0.0,1,-1.0
478018,0.0,1,-1.0
478451,0.0,1,-1.0
479154,0.0,1,-1.0
479247,0.89,0,89.0
480497,0.0,1,-1.0
480587,0.0,1,-1.0
480756,0.0,1,-1.0
480872,0.0,1,-1.0
480987,0.0,1,-1.0
481114,0.0,1,-1.0
481231,0.0,1,-1.0
481435,0.0,1,-1.0
481575,0.77,0,77.0
481605,0.0,1,-1.0
481753,0.0,1,-1.0
481861,0.0,1,-1.0
482005,0.86,0,86.0
482221,0.82,0,82.0
482827,0.0,1,-1.0
483013,0.0,1,-1.0
483328,0.0,1,-1.0
483473,0.0,1,-1.0
483741,0.0,1,-1.0
483799,0.0,1,-1.0
484481,0.0,1,-1.0
484544,0.0,1,-1.0
485599,0.0,1,-1.0
486278,0.0,1,-1.0
486628,0.0,1,-1.0
486654,0.95,0,95.0
486806,0.0,1,-1.0
487252,0.0,1,-1.0
487580,0.0,1,-1.0
487717,0.0,1,-1.0
487746,0.0,1,-1.0
487754,0.0,1,-1.0
487957,0.0,1,-1.0
488029,0.0,1,-1.0
488099,0.0,1,-1.0
488339,0.0,1,-1.0
491315,0.0,1,-1.0
491663,0.0,1,-1.0
491745,0.0,1,-1.0
492010,0.0,1,-1.0
492629,0.0,1,-1.0
492636,0.0,1,-1.0
493033,0.0,1,-1.0
493617,0.0,1,-1.0
494997,0.0,1,-1.0
495610,0.0,1,-1.0
496342,0.0,1,-1.0
497144,0.0,1,-1.0
497935,0.0,1,-1.0
497962,0.0,1,-1.0
497987,0.0,1,-1.0
498203,0.0,1,-1.0
498905,0.0,1,-1.0
498980,0.0,1,-1.0
499055,0.0,1,-1.0
499419,0.0,1,-1.0
499700,0.0,1,-1.0
500119,0.0,1,-1.0
500441,0.0,1,-1.0
500494,0.0,1,-1.0
500978,0.0,1,-1.0
502046,0.0,1,-1.0
502804,0.0,1,-1.0
503023,0.0,1,-1.0
503373,0.0,1,-1.0
503951,0.0,1,-1.0
504800,0.0,1,-1.0
504954,0.0,1,-1.0
505484,0.0,1,-1.0
506884,0.0,1,-1.0
507787,0.0,1,-1.0
507942,0.0,1,-1.0
508875,0.0,1,-1.0
509047,0.0,1,-1.0
509643,0.0,1,-1.0
510008,0.0,1,-1.0
510220,0.0,1,-1.0
513479,0.0,1,-1.0
514115,0.0,1,-1.0
514311,0.0,1,-1.0
514891,0.0,1,-1.0
515512,0.0,1,-1.0
515782,0.0,1,-1.0
516539,0.86,0,86.0
520631,0.0,1,-1.0
521510,0.0,1,-1.0
521825,0.0,1,-1.0
522422,0.0,1,-1.0
522614,0.0,1,-1.0
523230,0.0,1,-1.0
525221,0.0,1,-1.0
525238,0.0,1,-1.0
525270,0.0,1,-1.0
525560,0.0,1,-1.0
525844,0.0,1,-1.0
527449,0.0,1,-1.0
527917,0.0,1,-1.0
529539,0.0,1,-1.0
529575,0.0,1,-1.0
530154,0.0,1,-1.0
530963,0.0,1,-1.0
531089,0.0,1,-1.0
531447,0.0,1,-1.0
532088,0.0,1,-1.0
532125,0.0,1,-1.0
534364,0.0,1,-1.0
534512,0.0,1,-1.0
534800,0.0,1,-1.0
536438,0.0,1,-1.0
537422,0.0,1,-1.0
538459,0.0,1,-1.0
538710,0.0,1,-1.0
538853,0.0,1,-1.0
540171,0.0,1,-1.0
541093,0.0,1,-1.0
541330,0.0,1,-1.0
541389,0.0,1,-1.0
542005,0.0,1,-1.0
543043,0.0,1,-1.0
543482,0.0,1,-1.0
543887,0.0,1,-1.0
544553,0.0,1,-1.0
544574,0.0,1,-1.0
544610,0.0,1,-1.0
544711,0.0,1,-1.0
546062,0.0,1,-1.0
546181,0.8,0,80.0
546609,0.85,0,85.0
547666,0.0,1,-1.0
549033,0.0,1,-1.0
549466,0.0,1,-1.0
550739,0.0,1,-1.0
550852,0.0,1,-1.0
551801,0.0,1,-1.0
552017,0.0,1,-1.0
552023,0.0,1,-1.0
553271,0.0,1,-1.0
553429,0.0,1,-1.0
553505,0.0,1,-1.0
554030,0.0,1,-1.0
554275,0.0,1,-1.0
555228,0.0,1,-1.0
555475,0.7,0,70.0
556610,0.0,1,-1.0
556777,0.0,1,-1.0
558450,0.0,1,-1.0
559990,0.0,1,-1.0
561559,0.0,1,-1.0
561572,0.0,1,-1.0
562840,0.0,1,-1.0
563577,0.0,1,-1.0
564325,0.0,1,-1.0
564440,0.0,1,-1.0
565266,0.0,1,-1.0
565413,0.0,1,-1.0
566262,0.0,1,-1.0
566284,0.0,1,-1.0
566396,0.0,1,-1.0
567298,0.0,1,-1.0
567586,0.0,1,-1.0
567646,0.0,1,-1.0
568332,0.0,1,-1.0
568598,0.0,1,-1.0
568734,0.0,1,-1.0
568932,0.0,1,-1.0
569244,0.0,1,-1.0
569414,0.0,1,-1.0
569417,0.0,1,-1.0
569637,0.0,1,-1.0
569803,0.0,1,-1.0
570477,0.0,1,-1.0
570740,0.82,0,82.0
570741,0.0,1,-1.0
570954,0.0,1,-1.0
571627,0.0,1,-1.0
571924,0.0,1,-1.0
572057,0.0,1,-1.0
572947,0.0,1,-1.0
573181,0.0,1,-1.0
573352,0.0,1,-1.0
573581,0.0,1,-1.0
573762,0.0,1,-1.0
574327,0.0,1,-1.0
575166,0.0,1,-1.0
577099,0.0,1,-1.0
577792,0.0,1,-1.0
577927,0.0,1,-1.0
578148,0.0,1,-1.0
578322,0.0,1,-1.0
578592,0.0,1,-1.0
579313,0.0,1,-1.0
579912,0.0,1,-1.0
580065,0.0,1,-1.0
581695,0.0,1,-1.0
581909,0.0,1,-1.0
582330,0.0,1,-1.0
582400,0.0,1,-1.0
582505,0.0,1,-1.0
583190,0.0,1,-1.0
583537,0.0,1,-1.0
584822,0.0,1,-1.0
584848,0.0,1,-1.0
585458,0.0,1,-1.0
585506,0.0,1,-1.0
587851,0.0,1,-1.0
588557,0.0,1,-1.0
589190,0.0,1,-1.0
589248,0.0,1,-1.0
590429,0.0,1,-1.0
591803,0.0,1,-1.0
593730,0.0,1,-1.0
593735,0.0,1,-1.0
594934,0.0,1,-1.0
596422,0.0,1,-1.0
598225,0.0,1,-1.0
598641,0.0,1,-1.0
599639,0.0,1,-1.0
602071,0.0,1,-1.0
602169,0.0,1,-1.0
603330,0.0,1,-1.0
603333,0.0,1,-1.0
603452,0.0,1,-1.0
603990,0.0,1,-1.0
604271,0.0,1,-1.0
604277,0.0,1,-1.0
605483,0.0,1,-1.0
605800,0.0,1,-1.0
606174,0.0,1,-1.0
606229,0.0,1,-1.0
608478,0.0,1,-1.0
608648,0.0,1,-1.0
608787,0.0,1,-1.0
609518,0.0,1,-1.0
610659,0.0,1,-1.0
611126,0.0,1,-1.0
611418,0.0,1,-1.0
611737,0.0,1,-1.0
614194,0.0,1,-1.0
614483,0.0,1,-1.0
617755,0.0,1,-1.0
618070,0.0,1,-1.0
618264,0.0,1,-1.0
618692,0.0,1,-1.0
618874,0.0,1,-1.0
619359,0.0,1,-1.0
619435,0.0,1,-1.0
619680,0.0,1,-1.0
619698,0.0,1,-1.0
620799,0.0,1,-1.0
623836,0.0,1,-1.0
624884,0.0,1,-1.0
625252,0.0,1,-1.0
626085,0.0,1,-1.0
626396,0.0,1,-1.0
627075,0.0,1,-1.0
627371,0.0,1,-1.0
627395,0.0,1,-1.0
627847,0.0,1,-1.0
629136,0.0,1,-1.0
630466,0.0,1,-1.0
630808,0.0,1,-1.0
631058,0.0,1,-1.0
631088,0.0,1,-1.0
631731,0.0,1,-1.0
632456,0.0,1,-1.0
632787,0.0,1,-1.0
633151,0.0,1,-1.0
634778,0.0,1,-1.0
635440,0.0,1,-1.0
637103,0.0,1,-1.0
638143,0.0,1,-1.0
639766,0.0,1,-1.0
639881,0.0,1,-1.0
639994,0.0,1,-1.0
640453,0.0,1,-1.0
640841,0.0,1,-1.0
640895,0.0,1,-1.0
641936,0.0,1,-1.0
642454,0.0,1,-1.0
644748,0.0,1,-1.0
644933,0.0,1,-1.0
645553,0.0,1,-1.0
646299,0.0,1,-1.0
646563,0.0,1,-1.0
646721,0.0,1,-1.0
646936,0.0,1,-1.0
647612,0.0,1,-1.0
647991,0.0,1,-1.0
648146,0.0,1,-1.0
649080,0.0,1,-1.0
649114,0.0,1,-1.0
649140,0.0,1,-1.0
649204,0.0,1,-1.0
650532,0.0,1,-1.0
650961,0.0,1,-1.0
652023,0.0,1,-1.0
652122,0.0,1,-1.0
653498,0.0,1,-1.0
654532,0.0,1,-1.0
654658,0.0,1,-1.0
654746,0.0,1,-1.0
655075,0.0,1,-1.0
655505,0.0,1,-1.0
656631,0.0,1,-1.0
657832,0.0,1,-1.0
658345,0.0,1,-1.0
659655,0.0,1,-1.0
660053,0.0,1,-1.0
660560,0.0,1,-1.0
660866,0.0,1,-1.0
662705,0.0,1,-1.0
662706,0.0,1,-1.0
662968,0.0,1,-1.0
663043,0.0,1,-1.0
663781,0.0,1,-1.0
664174,0.0,1,-1.0
665533,0.0,1,-1.0
665912,0.0,1,-1.0
665938,0.0,1,-1.0
666627,0.0,1,-1.0
666985,0.0,1,-1.0
667050,0.0,1,-1.0
668094,0.0,1,-1.0
668841,0.0,1,-1.0
668933,0.0,1,-1.0
669703,0.0,1,-1.0
670048,0.0,1,-1.0
670794,0.0,1,-1.0
670870,0.0,1,-1.0
672730,0.0,1,-1.0
673263,0.0,1,-1.0
673410,0.0,1,-1.0
673791,0.0,1,-1.0
675849,0.82,0,82.0
676821,0.0,1,-1.0
676958,0.0,1,-1.0
677325,0.0,1,-1.0
678081,0.0,1,-1.0
679093,0.0,1,-1.0
679581,0.0,1,-1.0
680513,0.0,1,-1.0
682280,0.0,1,-1.0
682309,0.0,1,-1.0
682450,0.0,1,-1.0
684015,0.0,1,-1.0
685697,0.0,1,-1.0
686140,0.0,1,-1.0
688620,0.0,1,-1.0
690355,0.0,1,-1.0
690505,0.0,1,-1.0
690843,0.0,1,-1.0
691213,0.0,1,-1.0
692500,0.85,0,85.0
694829,0.0,1,-1.0
695696,0.0,1,-1.0
696094,0.0,1,-1.0
696398,0.0,1,-1.0
697621,0.0,1,-1.0
698162,0.0,1,-1.0
700685,0.0,1,-1.0
700898,0.0,1,-1.0
701451,0.0,1,-1.0
702354,0.0,1,-1.0
702715,0.0,1,-1.0
702788,0.0,1,-1.0
703319,0.0,1,-1.0
704036,0.0,1,-1.0
704380,0.0,1,-1.0
706570,0.0,1,-1.0
707006,0.0,1,-1.0
707045,0.0,1,-1.0
707663,0.0,1,-1.0
708128,0.0,1,-1.0
708765,0.0,1,-1.0
710607,0.0,1,-1.0
710748,0.0,1,-1.0
714817,0.0,1,-1.0
715075,0.0,1,-1.0
715533,0.0,1,-1.0
716566,0.0,1,-1.0
717872,0.0,1,-1.0
717953,0.0,1,-1.0
718989,0.0,1,-1.0
719406,0.0,1,-1.0
719448,0.93,0,93.0
719839,0.0,1,-1.0
720126,0.87,0,87.0
720135,0.0,1,-1.0
720231,0.0,1,-1.0
720650,0.0,1,-1.0
720836,0.0,1,-1.0
721290,0.0,1,-1.0
721435,0.0,1,-1.0
722169,0.0,1,-1.0
722689,0.0,1,-1.0
722722,0.0,1,-1.0
723468,0.0,1,-1.0
724126,0.0,1,-1.0
724217,0.0,1,-1.0
725250,0.0,1,-1.0
725427,0.0,1,-1.0
726149,0.0,1,-1.0
726823,0.0,1,-1.0
727298,0.0,1,-1.0
727429,0.0,1,-1.0
727938,0.0,1,-1.0
727949,0.0,1,-1.0
729324,0.0,1,-1.0
729552,0.0,1,-1.0
730077,0.0,1,-1.0
730850,0.0,1,-1.0
731245,0.0,1,-1.0
731879,0.0,1,-1.0
733294,0.0,1,-1.0
734203,0.0,1,-1.0
735952,0.0,1,-1.0
736069,0.0,1,-1.0
737103,0.0,1,-1.0
737198,0.0,1,-1.0
737803,0.0,1,-1.0
737835,0.0,1,-1.0
737916,0.0,1,-1.0
737971,0.0,1,-1.0
738810,0.0,1,-1.0
738827,0.0,1,-1.0
740048,0.0,1,-1.0
740510,0.0,1,-1.0
740795,0.0,1,-1.0
740979,0.0,1,-1.0
741001,0.0,1,-1.0
741175,0.0,1,-1.0
741291,0.0,1,-1.0
741498,0.0,1,-1.0
741747,0.0,1,-1.0
741807,0.0,1,-1.0
742214,0.0,1,-1.0
742314,0.0,1,-1.0
742779,0.0,1,-1.0
743861,0.81,0,81.0
744897,0.0,1,-1.0
745527,0.0,1,-1.0
746860,0.0,1,-1.0
748870,0.0,1,-1.0
749142,0.0,1,-1.0
749815,0.0,1,-1.0
750705,0.86,0,86.0
751131,0.0,1,-1.0
751397,0.0,1,-1.0
751451,0.0,1,-1.0
751585,0.0,1,-1.0
752175,0.0,1,-1.0
752997,0.0,1,-1.0
753380,0.0,1,-1.0
754765,0.0,1,-1.0
755028,0.0,1,-1.0
755306,0.0,1,-1.0
757384,0.0,1,-1.0
757641,0.0,1,-1.0
758006,0.0,1,-1.0
758649,0.0,1,-1.0
758990,0.77,0,77.0
759950,0.0,1,-1.0
760272,0.0,1,-1.0
761183,0.0,1,-1.0
761323,0.0,1,-1.0
761937,0.0,1,-1.0
762070,0.0,1,-1.0
762101,0.0,1,-1.0
762221,0.0,1,-1.0
762488,0.0,1,-1.0
762681,0.0,1,-1.0
762840,0.0,1,-1.0
763317,0.0,1,-1.0
763352,0.0,1,-1.0
763596,0.0,1,-1.0
763729,0.76,0,76.0
764230,0.0,1,-1.0
764876,0.0,1,-1.0
766863,0.0,1,-1.0
767107,0.0,1,-1.0
767175,0.0,1,-1.0
767624,0.0,1,-1.0
768383,0.0,1,-1.0
768444,0.0,1,-1.0
768698,0.0,1,-1.0
769085,0.0,1,-1.0
769115,0.0,1,-1.0
769225,0.0,1,-1.0
769781,0.0,1,-1.0
770900,0.0,1,-1.0
772635,0.0,1,-1.0
776081,0.0,1,-1.0
776373,0.0,1,-1.0
777411,0.0,1,-1.0
777420,0.0,1,-1.0
777514,0.0,1,-1.0
777521,0.0,1,-1.0
777725,0.0,1,-1.0
778059,0.0,1,-1.0
779554,0.0,1,-1.0
780285,0.0,1,-1.0
781894,0.0,1,-1.0
781938,0.0,1,-1.0
782211,0.0,1,-1.0
782324,0.0,1,-1.0
782783,0.0,1,-1.0
783167,0.0,1,-1.0
783332,0.0,1,-1.0
783353,0.0,1,-1.0
783442,0.0,1,-1.0
783637,0.0,1,-1.0
784275,0.0,1,-1.0
784666,0.0,1,-1.0
784838,0.84,0,84.0
785261,0.0,1,-1.0
786089,0.0,1,-1.0
786181,0.0,1,-1.0
786505,0.0,1,-1.0
787726,0.0,1,-1.0
787773,0.0,1,-1.0
789878,0.0,1,-1.0
790390,0.0,1,-1.0
791509,0.0,1,-1.0
791768,0.0,1,-1.0
792370,0.0,1,-1.0
792659,0.0,1,-1.0
793121,0.0,1,-1.0
793786,0.0,1,-1.0
793929,0.0,1,-1.0
794706,0.0,1,-1.0
794859,0.0,1,-1.0
795073,0.0,1,-1.0
795584,0.0,1,-1.0
796127,0.0,1,-1.0
796376,0.0,1,-1.0
796633,0.0,1,-1.0
796928,0.0,1,-1.0
797002,0.0,1,-1.0
797011,0.0,1,-1.0
797098,0.0,1,-1.0
798528,0.0,1,-1.0
799154,0.0,1,-1.0
799724,0.0,1,-1.0
801063,0.0,1,-1.0
801306,0.0,1,-1.0
802852,0.0,1,-1.0
803249,0.0,1,-1.0
803560,0.0,1,-1.0
804166,0.0,1,-1.0
804444,0.0,1,-1.0
805854,0.0,1,-1.0
808739,0.0,1,-1.0
810147,0.0,1,-1.0
810825,0.0,1,-1.0
811737,0.0,1,-1.0
812013,0.0,1,-1.0
812560,0.0,1,-1.0
813016,0.0,1,-1.0
813314,0.0,1,-1.0
813664,0.0,1,-1.0
814092,0.0,1,-1.0
814573,0.0,1,-1.0
815509,0.0,1,-1.0
815546,0.0,1,-1.0
815930,0.0,1,-1.0
815942,0.0,1,-1.0
815991,0.0,1,-1.0
817188,0.0,1,-1.0
818655,0.0,1,-1.0
819107,0.0,1,-1.0
820121,0.0,1,-1.0
820950,0.0,1,-1.0
821168,0.0,1,-1.0
821425,0.0,1,-1.0
821914,0.0,1,-1.0
821954,0.0,1,-1.0
822283,0.0,1,-1.0
822823,0.0,1,-1.0
823466,0.0,1,-1.0
824147,0.0,1,-1.0
824559,0.0,1,-1.0
825196,0.0,1,-1.0
825733,0.0,1,-1.0
826142,0.0,1,-1.0
827766,0.0,1,-1.0
828031,0.0,1,-1.0
828222,0.0,1,-1.0
828246,0.0,1,-1.0
829109,0.0,1,-1.0
829389,0.0,1,-1.0
829409,0.0,1,-1.0
829567,0.0,1,-1.0
829724,0.0,1,-1.0
830619,0.0,1,-1.0
831227,0.0,1,-1.0
832875,0.0,1,-1.0
833700,0.0,1,-1.0
834568,0.0,1,-1.0
835986,0.0,1,-1.0
837093,0.0,1,-1.0
837423,0.0,1,-1.0
837663,0.0,1,-1.0
839354,0.0,1,-1.0
839363,0.0,1,-1.0
839842,0.0,1,-1.0
841789,0.0,1,-1.0
842012,0.0,1,-1.0
842074,0.0,1,-1.0
842479,0.0,1,-1.0
842717,0.0,1,-1.0
843765,0.0,1,-1.0
843876,0.0,1,-1.0
843938,0.0,1,-1.0
844086,0.0,1,-1.0
844834,0.0,1,-1.0
845051,0.0,1,-1.0
845764,0.0,1,-1.0
848339,0.0,1,-1.0
848680,0.0,1,-1.0
849394,0.0,1,-1.0
849433,0.0,1,-1.0
849839,0.0,1,-1.0
849855,0.0,1,-1.0
849934,0.0,1,-1.0
851651,0.0,1,-1.0
851938,0.0,1,-1.0
854118,0.0,1,-1.0
854625,0.0,1,-1.0
854915,0.0,1,-1.0
855942,0.0,1,-1.0
856399,0.0,1,-1.0
856762,0.0,1,-1.0
858221,0.0,1,-1.0
858977,0.0,1,-1.0
859786,0.0,1,-1.0
861277,0.0,1,-1.0
861345,0.0,1,-1.0
861885,0.0,1,-1.0
861917,0.0,1,-1.0
861982,0.0,1,-1.0
863427,0.0,1,-1.0
863764,0.0,1,-1.0
864645,0.0,1,-1.0
864894,0.0,1,-1.0
865237,0.0,1,-1.0
865977,0.0,1,-1.0
866124,0.0,1,-1.0
866318,0.0,1,-1.0
867358,0.0,1,-1.0
867542,0.0,1,-1.0
867795,0.0,1,-1.0
869303,0.0,1,-1.0
869348,0.0,1,-1.0
870637,0.0,1,-1.0
872000,0.0,1,-1.0
873388,0.0,1,-1.0
875265,0.0,1,-1.0
876501,0.0,1,-1.0
877110,0.0,1,-1.0
877665,0.0,1,-1.0
878292,0.0,1,-1.0
878527,0.0,1,-1.0
879566,0.0,1,-1.0
880180,0.0,1,-1.0
881423,0.0,1,-1.0
881565,0.0,1,-1.0
882148,0.0,1,-1.0
882337,0.0,1,-1.0
882682,0.0,1,-1.0
882696,0.0,1,-1.0
883442,0.0,1,-1.0
883974,0.0,1,-1.0
884635,0.0,1,-1.0
885107,0.0,1,-1.0
885272,0.0,1,-1.0
885635,0.85,0,85.0
885840,0.0,1,-1.0
886435,0.0,1,-1.0
886762,0.84,0,84.0
887063,0.0,1,-1.0
887178,0.0,1,-1.0
887408,0.0,1,-1.0
888002,0.0,1,-1.0
888023,0.0,1,-1.0
888384,0.0,1,-1.0
888418,0.0,1,-1.0
888490,0.0,1,-1.0
889439,0.0,1,-1.0
890516,0.0,1,-1.0
890828,0.0,1,-1.0
891103,0.0,1,-1.0
891708,0.0,1,-1.0
892723,0.0,1,-1.0
893019,0.0,1,-1.0
893293,0.0,1,-1.0
893737,0.0,1,-1.0
893944,0.0,1,-1.0
894059,0.0,1,-1.0
894116,0.0,1,-1.0
894119,0.0,1,-1.0
894293,0.0,1,-1.0
894374,0.0,1,-1.0
894772,0.0,1,-1.0
894907,0.0,1,-1.0
895561,0.0,1,-1.0
896122,0.0,1,-1.0
896308,0.0,1,-1.0
896500,0.0,1,-1.0
897097,0.0,1,-1.0
897433,0.0,1,-1.0
899545,0.0,1,-1.0
899968,0.0,1,-1.0
900497,0.0,1,-1.0
900761,0.0,1,-1.0
900948,0.0,1,-1.0
902556,0.0,1,-1.0
902571,0.0,1,-1.0
903318,0.0,1,-1.0
903988,0.0,1,-1.0
904665,0.0,1,-1.0
904965,0.0,1,-1.0
905583,0.0,1,-1.0
906366,0.0,1,-1.0
907626,0.0,1,-1.0
907826,0.0,1,-1.0
908425,0.0,1,-1.0
908778,0.0,1,-1.0
909182,0.0,1,-1.0
909391,0.0,1,-1.0
909822,0.0,1,-1.0
909971,0.0,1,-1.0
910009,0.0,1,-1.0
911021,0.0,1,-1.0
912128,0.0,1,-1.0
912414,0.0,1,-1.0
912825,0.0,1,-1.0
912924,0.0,1,-1.0
913188,0.98,0,98.0
913456,0.0,1,-1.0
914469,0.0,1,-1.0
914713,0.0,1,-1.0
914969,0.0,1,-1.0
915256,0.0,1,-1.0
916621,0.0,1,-1.0
917250,0.0,1,-1.0
918291,0.0,1,-1.0
918542,0.0,1,-1.0
918968,0.0,1,-1.0
919760,0.0,1,-1.0
919780,0.0,1,-1.0
920842,0.0,1,-1.0
922593,0.0,1,-1.0
922715,0.0,1,-1.0
922926,0.0,1,-1.0
923575,0.0,1,-1.0
923848,0.0,1,-1.0
924160,0.0,1,-1.0
925675,0.0,1,-1.0
926190,0.0,1,-1.0
926201,0.0,1,-1.0
926446,0.0,1,-1.0
926460,0.0,1,-1.0
926472,0.0,1,-1.0
926517,0.0,1,-1.0
926915,0.0,1,-1.0
927125,0.0,1,-1.0
927587,0.0,1,-1.0
927850,0.0,1,-1.0
928013,0.0,1,-1.0
929222,0.0,1,-1.0
929484,0.0,1,-1.0
929540,0.0,1,-1.0
930342,0.0,1,-1.0
931188,0.0,1,-1.0
932029,0.0,1,-1.0
932185,0.0,1,-1.0
932221,0.0,1,-1.0
932369,0.0,1,-1.0
932416,0.0,1,-1.0
932662,0.0,1,-1.0
932748,0.0,1,-1.0
932859,0.0,1,-1.0
933272,0.0,1,-1.0
933344,0.0,1,-1.0
933383,0.0,1,-1.0
933725,0.0,1,-1.0
933905,0.0,1,-1.0
933992,0.0,1,-1.0
934027,0.0,1,-1.0
934287,0.0,1,-1.0
935724,0.0,1,-1.0
936349,0.0,1,-1.0
936431,0.0,1,-1.0
936594,0.0,1,-1.0
936677,0.0,1,-1.0
936936,0.0,1,-1.0
937147,0.0,1,-1.0
937305,0.0,1,-1.0
938405,0.0,1,-1.0
938558,0.0,1,-1.0
938824,0.0,1,-1.0
938948,0.0,1,-1.0
938978,0.0,1,-1.0
939820,0.0,1,-1.0
939923,0.0,1,-1.0
939968,0.0,1,-1.0
940792,0.0,1,-1.0
940852,0.0,1,-1.0
940925,0.0,1,-1.0
941317,0.0,1,-1.0
941758,0.0,1,-1.0
941821,0.0,1,-1.0
941902,0.0,1,-1.0
943452,0.0,1,-1.0
943490,0.0,1,-1.0
943882,0.0,1,-1.0
944198,0.96,0,96.0
944938,0.0,1,-1.0
945317,0.0,1,-1.0
945390,0.0,1,-1.0
945841,0.0,1,-1.0
946296,0.0,1,-1.0
949029,0.0,1,-1.0
949282,0.0,1,-1.0
949404,0.0,1,-1.0
950324,0.0,1,-1.0
951913,0.0,1,-1.0
952782,0.0,1,-1.0
953215,0.0,1,-1.0
953325,0.0,1,-1.0
954872,0.0,1,-1.0
957060,0.0,1,-1.0
959555,0.0,1,-1.0
959863,0.0,1,-1.0
960187,0.0,1,-1.0
960258,0.85,0,85.0
961639,0.0,1,-1.0
962078,0.0,1,-1.0
962569,0.0,1,-1.0
962739,0.0,1,-1.0
964490,0.0,1,-1.0
964890,0.0,1,-1.0
965227,0.0,1,-1.0
965990,0.0,1,-1.0
966488,0.0,1,-1.0
966590,0.0,1,-1.0
967033,0.0,1,-1.0
967059,0.0,1,-1.0
967086,0.0,1,-1.0
968654,0.0,1,-1.0
968690,0.0,1,-1.0
969309,0.0,1,-1.0
970724,0.0,1,-1.0
971305,0.0,1,-1.0
971447,0.0,1,-1.0
971517,0.0,1,-1.0
972922,0.0,1,-1.0
973318,0.0,1,-1.0
974248,0.0,1,-1.0
975922,0.0,1,-1.0
977170,0.0,1,-1.0
977703,0.0,1,-1.0
981202,0.0,1,-1.0
982388,0.0,1,-1.0
984224,0.0,1,-1.0
984481,0.0,1,-1.0
986124,0.0,1,-1.0
988279,0.0,1,-1.0
989073,0.0,1,-1.0
989660,0.0,1,-1.0
990012,0.0,1,-1.0
993192,0.0,1,-1.0
993549,0.0,1,-1.0
993980,0.0,1,-1.0
997743,0.0,1,-1.0
997859,0.0,1,-1.0
999936,0.0,1,-1.0
1000779,0.0,1,-1.0
1002394,0.0,1,-1.0
1002582,0.0,1,-1.0
1004171,0.0,1,-1.0
1005781,0.84,0,84.0
1007142,0.0,1,-1.0
1008006,0.0,1,-1.0
1009564,0.0,1,-1.0
1011798,0.0,1,-1.0
1012282,0.0,1,-1.0
1013344,0.75,0,75.0
1013520,0.0,1,-1.0
1014599,0.0,1,-1.0
1014653,0.0,1,-1.0
1014996,0.0,1,-1.0
1015946,0.0,1,-1.0
1016076,0.0,1,-1.0
1018127,0.0,1,-1.0
1018139,0.0,1,-1.0
1020021,0.0,1,-1.0
1020186,0.0,1,-1.0
1020396,0.0,1,-1.0
1020597,0.0,1,-1.0
1022869,0.0,1,-1.0
1023023,0.0,1,-1.0
1023080,0.0,1,-1.0
1023657,0.0,1,-1.0
1026837,0.0,1,-1.0
1026932,0.0,1,-1.0
1028950,0.0,1,-1.0
1029146,0.0,1,-1.0
1030956,0.0,1,-1.0
1033774,0.84,0,84.0
1034585,0.0,1,-1.0
1035683,0.0,1,-1.0
1036055,0.0,1,-1.0
1038963,0.0,1,-1.0
1039812,0.0,1,-1.0
1040730,0.0,1,-1.0
1041450,0.0,1,-1.0
1044297,0.0,1,-1.0
1047743,0.0,1,-1.0
1047888,0.0,1,-1.0
1049736,0.0,1,-1.0
1050040,0.0,1,-1.0
1050145,0.0,1,-1.0
1050394,0.0,1,-1.0
1053302,0.0,1,-1.0
1054649,0.0,1,-1.0
1056857,0.0,1,-1.0
1057672,0.0,1,-1.0
1057847,0.0,1,-1.0
1057856,0.0,1,-1.0
1058220,0.0,1,-1.0
1058471,0.0,1,-1.0
1059340,0.0,1,-1.0
1059607,0.0,1,-1.0
1059842,0.0,1,-1.0
1060538,0.0,1,-1.0
1060867,0.0,1,-1.0
1061312,0.0,1,-1.0
1062103,0.0,1,-1.0
1065149,0.0,1,-1.0
1066035,0.0,1,-1.0
1066387,0.0,1,-1.0
1067475,0.0,1,-1.0
1067877,0.0,1,-1.0
1070160,0.0,1,-1.0
1071004,0.0,1,-1.0
1071898,0.0,1,-1.0
1072763,0.0,1,-1.0
1073704,0.0,1,-1.0
1080128,0.0,1,-1.0
1080243,0.0,1,-1.0
1080700,0.0,1,-1.0
1081951,0.0,1,-1.0
1081974,0.0,1,-1.0
1082066,0.0,1,-1.0
1082464,0.0,1,-1.0
1082989,0.0,1,-1.0
1083776,0.0,1,-1.0
1084715,0.0,1,-1.0
1084807,0.0,1,-1.0
1084823,0.0,1,-1.0
1085772,0.0,1,-1.0
1085818,0.0,1,-1.0
1088859,0.0,1,-1.0
1090548,0.0,1,-1.0
1090706,0.0,1,-1.0
1091373,0.0,1,-1.0
1091610,0.0,1,-1.0
1092590,0.0,1,-1.0
1095585,0.0,1,-1.0
1096028,0.0,1,-1.0
1097678,0.0,1,-1.0
1098686,0.0,1,-1.0
1100640,0.0,1,-1.0
1101052,0.0,1,-1.0
1102015,0.0,1,-1.0
1103777,0.0,1,-1.0
1104493,0.0,1,-1.0
1104514,0.0,1,-1.0
1104709,0.0,1,-1.0
1105430,0.0,1,-1.0
1105515,0.0,1,-1.0
1106226,0.0,1,-1.0
1107387,0.0,1,-1.0
1108010,0.0,1,-1.0
1108020,0.0,1,-1.0
1108500,1.0,0,100.0
1111328,0.0,1,-1.0
1111545,0.0,1,-1.0
1113445,0.0,1,-1.0
1113476,0.0,1,-1.0
1113803,0.0,1,-1.0
1114085,0.0,1,-1.0
1114206,0.0,1,-1.0
1114304,0.0,1,-1.0
1114883,0.0,1,-1.0
1115448,0.0,1,-1.0
1115614,0.0,1,-1.0
1116433,0.0,1,-1.0
1116454,0.0,1,-1.0
1116577,0.7,0,70.0
1118007,0.0,1,-1.0
1118129,0.0,1,-1.0
1118325,0.0,1,-1.0
1119505,0.0,1,-1.0
1119876,0.0,1,-1.0
1120143,0.0,1,-1.0
1120807,0.0,1,-1.0
1121469,0.0,1,-1.0
1121553,0.0,1,-1.0
1121746,0.0,1,-1.0
1122048,0.0,1,-1.0
1122131,0.0,1,-1.0
1123076,0.0,1,-1.0
1123925,0.0,1,-1.0
1123987,0.0,1,-1.0
1124007,0.0,1,-1.0
1124219,0.0,1,-1.0
1124581,0.0,1,-1.0
1124649,0.0,1,-1.0
1124729,0.0,1,-1.0
1125022,0.0,1,-1.0
1125497,0.0,1,-1.0
1125872,0.0,1,-1.0
1126216,0.0,1,-1.0
1126523,0.0,1,-1.0
1127262,0.0,1,-1.0
1127951,0.0,1,-1.0
1128119,0.0,1,-1.0
1128238,0.0,1,-1.0
1131582,0.0,1,-1.0
1132632,0.0,1,-1.0
1132984,0.0,1,-1.0
1133158,0.0,1,-1.0
1133382,0.0,1,-1.0
1133782,0.0,1,-1.0
1134789,0.0,1,-1.0
1135433,0.0,1,-1.0
1135935,0.0,1,-1.0
1136392,0.0,1,-1.0
1136818,0.0,1,-1.0
1137539,0.0,1,-1.0
1137658,0.0,1,-1.0
1138263,0.0,1,-1.0
1139524,0.0,1,-1.0
1140413,0.0,1,-1.0
1141036,0.0,1,-1.0
1141553,0.0,1,-1.0
1141587,0.0,1,-1.0
1142750,0.0,1,-1.0
1144188,0.0,1,-1.0
1144800,0.0,1,-1.0
1146565,0.0,1,-1.0
1148205,0.0,1,-1.0
1149494,0.0,1,-1.0
1150062,0.0,1,-1.0
1151836,0.0,1,-1.0
1152427,0.0,1,-1.0
1153882,0.0,1,-1.0
1154495,0.0,1,-1.0
1155430,0.0,1,-1.0
1157421,0.0,1,-1.0
1157976,0.79,0,79.0
1159157,0.0,1,-1.0
1159244,0.0,1,-1.0
1159995,0.0,1,-1.0
1161771,0.0,1,-1.0
1162914,0.0,1,-1.0
1163555,0.0,1,-1.0
1165994,0.0,1,-1.0
1167096,0.0,1,-1.0
1167612,0.98,0,98.0
1167910,0.0,1,-1.0
1168869,0.0,1,-1.0
1169118,0.0,1,-1.0
1170734,0.0,1,-1.0
1172836,0.0,1,-1.0
1174265,0.96,0,96.0
1174599,0.0,1,-1.0
1175349,0.0,1,-1.0
1176602,0.0,1,-1.0
1177572,0.0,1,-1.0
1179257,0.0,1,-1.0
1179701,0.0,1,-1.0
1180263,0.0,1,-1.0
1180881,0.0,1,-1.0
1181018,0.0,1,-1.0
1183535,0.83,0,83.0
1183780,0.0,1,-1.0
1184636,0.0,1,-1.0
1187563,0.0,1,-1.0
1187674,0.0,1,-1.0
1187777,0.0,1,-1.0
1189439,0.0,1,-1.0
1191536,0.0,1,-1.0
1193107,0.0,1,-1.0
1194676,0.0,1,-1.0
1194999,0.0,1,-1.0
1195110,0.0,1,-1.0
1196570,0.0,1,-1.0
1197304,0.0,1,-1.0
1199226,0.0,1,-1.0
1199402,0.0,1,-1.0
1200443,0.0,1,-1.0
1202610,0.0,1,-1.0
1205561,0.0,1,-1.0
1205597,0.87,0,87.0
1206504,0.0,1,-1.0
1207570,0.0,1,-1.0
1207658,0.0,1,-1.0
1207929,0.0,1,-1.0
1208300,0.0,1,-1.0
1209615,0.0,1,-1.0
1212341,0.0,1,-1.0
1212387,0.0,1,-1.0
1214347,0.0,1,-1.0
1214393,0.0,1,-1.0
1218015,0.0,1,-1.0
1219648,0.0,1,-1.0
1220094,0.96,0,96.0
1220700,0.0,1,-1.0
1222392,0.0,1,-1.0
1223272,0.0,1,-1.0
1223363,0.0,1,-1.0
1223779,0.0,1,-1.0
1223930,0.0,1,-1.0
1225202,0.0,1,-1.0
1225301,0.0,1,-1.0
1226919,0.0,1,-1.0
1230037,0.0,1,-1.0
1231142,0.0,1,-1.0
1232299,0.98,0,98.0
1233256,0.0,1,-1.0
1233952,0.0,1,-1.0
1235248,0.0,1,-1.0
1235384,0.0,1,-1.0
1235538,0.0,1,-1.0
1235718,0.0,1,-1.0
1236082,0.0,1,-1.0
1237109,0.0,1,-1.0
1237643,0.0,1,-1.0
1238321,0.0,1,-1.0
1242964,0.0,1,-1.0
1243785,0.0,1,-1.0
1243925,0.0,1,-1.0
1244834,0.0,1,-1.0
1244862,0.0,1,-1.0
1245376,0.0,1,-1.0
1245929,0.0,1,-1.0
1246163,0.0,1,-1.0
1247006,0.0,1,-1.0
1247464,0.0,1,-1.0
1248967,0.0,1,-1.0
1249194,0.0,1,-1.0
1249412,0.0,1,-1.0
1249986,0.0,1,-1.0
1250668,0.0,1,-1.0
1250685,0.0,1,-1.0
1251575,0.0,1,-1.0
1252139,0.0,1,-1.0
1252204,0.0,1,-1.0
1256086,0.85,0,85.0
1256294,0.0,1,-1.0
1257381,0.0,1,-1.0
1260627,0.0,1,-1.0
1261424,0.0,1,-1.0
1262067,0.0,1,-1.0
1263854,0.0,1,-1.0
1264549,0.0,1,-1.0
1266337,0.0,1,-1.0
1266364,0.0,1,-1.0
1267074,0.86,0,86.0
1267984,0.85,0,85.0
1268258,0.0,1,-1.0
1269044,0.0,1,-1.0
1270021,0.0,1,-1.0
1271213,0.0,1,-1.0
1271311,0.0,1,-1.0
1271506,0.0,1,-1.0
1272053,0.0,1,-1.0
1272869,0.0,1,-1.0
1273310,0.0,1,-1.0
1274328,0.0,1,-1.0
1278730,0.0,1,-1.0
1279251,0.0,1,-1.0
1280395,0.84,0,84.0
1281119,0.0,1,-1.0
1281219,0.0,1,-1.0
1281273,0.0,1,-1.0
1282921,0.0,1,-1.0
1283032,0.0,1,-1.0
1283134,0.0,1,-1.0
1285113,0.0,1,-1.0
1286229,0.82,0,82.0
1286719,0.0,1,-1.0
1286822,0.0,1,-1.0
1287784,0.0,1,-1.0
1288627,0.0,1,-1.0
1293462,0.0,1,-1.0
1293816,0.0,1,-1.0
1296256,0.0,1,-1.0
1297071,0.0,1,-1.0
1298144,0.0,1,-1.0
1298630,0.0,1,-1.0
1298726,0.0,1,-1.0
1299844,0.0,1,-1.0
1300056,0.0,1,-1.0
1300193,0.0,1,-1.0
1300373,0.0,1,-1.0
1300566,0.0,1,-1.0
1300933,0.0,1,-1.0
1300984,0.0,1,-1.0
1301738,0.0,1,-1.0
1303103,0.0,1,-1.0
1303482,0.0,1,-1.0
1304450,0.0,1,-1.0
1305163,0.0,1,-1.0
1306127,0.0,1,-1.0
1308874,0.0,1,-1.0
1309157,0.0,1,-1.0
1309198,0.0,1,-1.0
1310208,0.0,1,-1.0
1310246,0.0,1,-1.0
1310411,0.0,1,-1.0
1310986,0.0,1,-1.0
1312515,0.0,1,-1.0
1314542,0.84,0,84.0
1315700,0.0,1,-1.0
1315863,0.0,1,-1.0
1315987,0.0,1,-1.0
1316050,0.0,1,-1.0
1316727,0.0,1,-1.0
1317054,0.0,1,-1.0
1317147,0.0,1,-1.0
1318240,0.0,1,-1.0
1319084,0.0,1,-1.0
1319842,0.0,1,-1.0
1319917,0.0,1,-1.0
1320802,0.0,1,-1.0
1321145,0.0,1,-1.0
1322571,0.0,1,-1.0
1322895,0.0,1,-1.0
1323129,0.0,1,-1.0
1324739,0.0,1,-1.0
1325226,0.0,1,-1.0
1328788,0.0,1,-1.0
1328940,0.0,1,-1.0
1332360,0.0,1,-1.0
1333286,0.0,1,-1.0
1333463,0.0,1,-1.0
1334405,0.0,1,-1.0
1334581,0.0,1,-1.0
1336142,0.0,1,-1.0
1336977,0.0,1,-1.0
1338828,0.0,1,-1.0
1338973,0.83,0,83.0
1340450,0.0,1,-1.0
1341134,0.0,1,-1.0
1343016,0.0,1,-1.0
1343166,0.0,1,-1.0
1343324,0.0,1,-1.0
1343355,0.0,1,-1.0
1344860,0.0,1,-1.0
1346896,0.0,1,-1.0
1348953,0.0,1,-1.0
1350438,0.0,1,-1.0
1350516,0.0,1,-1.0
1352477,0.0,1,-1.0
1355814,0.0,1,-1.0
1356046,0.0,1,-1.0
1357378,0.0,1,-1.0
1357660,0.0,1,-1.0
1358443,0.0,1,-1.0
1360734,0.0,1,-1.0
1360751,0.0,1,-1.0
1362238,0.0,1,-1.0
1364756,0.0,1,-1.0
1365660,0.0,1,-1.0
1366497,0.92,0,92.0
1369935,0.0,1,-1.0
1370280,0.0,1,-1.0
1370657,0.0,1,-1.0
1372660,0.0,1,-1.0
1375514,0.0,1,-1.0
1376196,0.84,0,84.0
1381331,0.0,1,-1.0
1382520,0.82,0,82.0
1383303,0.0,1,-1.0
1384139,0.0,1,-1.0
1384601,0.0,1,-1.0
1385798,0.0,1,-1.0
1386322,0.0,1,-1.0
1386510,0.0,1,-1.0
1389104,0.0,1,-1.0
1389930,0.0,1,-1.0
1391573,0.0,1,-1.0
1392040,0.0,1,-1.0
1400935,0.0,1,-1.0
1401232,0.0,1,-1.0
1401726,0.0,1,-1.0
1402498,0.0,1,-1.0
1402693,0.0,1,-1.0
1404733,0.0,1,-1.0
1404944,0.0,1,-1.0
1404985,0.0,1,-1.0
1406032,0.0,1,-1.0
1406720,0.0,1,-1.0
1406930,0.0,1,-1.0
1409286,0.0,1,-1.0
1411239,0.0,1,-1.0
1411615,0.0,1,-1.0
1412454,0.0,1,-1.0
1412952,0.0,1,-1.0
1414106,0.0,1,-1.0
1414151,0.0,1,-1.0
1414421,0.0,1,-1.0
1414677,0.0,1,-1.0
1414887,0.0,1,-1.0
1415766,0.0,1,-1.0
1416488,0.0,1,-1.0
1418212,0.0,1,-1.0
1418495,0.0,1,-1.0
1419767,0.0,1,-1.0
1419956,0.0,1,-1.0
1420446,0.0,1,-1.0
1421988,0.0,1,-1.0
1423428,0.85,0,85.0
1424508,0.0,1,-1.0
1427576,0.0,1,-1.0
1427587,0.0,1,-1.0
1427825,0.0,1,-1.0
1430341,0.87,0,87.0
1432678,0.0,1,-1.0
1434446,0.0,1,-1.0
1436950,0.0,1,-1.0
1437722,0.0,1,-1.0
1438565,0.0,1,-1.0
1441370,0.0,1,-1.0
1443078,0.0,1,-1.0
1445552,0.0,1,-1.0
1446119,0.0,1,-1.0
1446394,0.0,1,-1.0
1446663,0.0,1,-1.0
1448408,0.0,1,-1.0
1448599,0.0,1,-1.0
1449017,0.0,1,-1.0
1449051,0.0,1,-1.0
1450159,0.0,1,-1.0
1450505,0.0,1,-1.0
1452491,0.0,1,-1.0
1452629,0.0,1,-1.0
1453519,0.0,1,-1.0
1453605,0.0,1,-1.0
1453702,0.0,1,-1.0
1454283,0.0,1,-1.0
1454560,0.0,1,-1.0
1457298,0.0,1,-1.0
1457524,0.0,1,-1.0
1458047,0.0,1,-1.0
1458089,0.0,1,-1.0
1458736,0.0,1,-1.0
1460237,0.0,1,-1.0
1460384,0.0,1,-1.0
1460611,0.0,1,-1.0
1463301,0.0,1,-1.0
1463469,0.0,1,-1.0
1464015,0.0,1,-1.0
1464399,0.0,1,-1.0
1464740,0.0,1,-1.0
1469124,0.0,1,-1.0
1469695,0.0,1,-1.0
1470851,0.0,1,-1.0
1471354,0.0,1,-1.0
1472263,0.0,1,-1.0
1472357,0.0,1,-1.0
1472786,0.0,1,-1.0
1474337,0.0,1,-1.0
1474601,0.0,1,-1.0
1476119,0.0,1,-1.0
1476439,0.0,1,-1.0
1477818,0.0,1,-1.0
1478556,0.0,1,-1.0
1479351,0.0,1,-1.0
1481213,0.91,0,91.0
1481214,0.0,1,-1.0
1481936,0.0,1,-1.0
1482056,0.0,1,-1.0
1482773,0.0,1,-1.0
1482821,0.0,1,-1.0
1482829,0.0,1,-1.0
1482843,0.0,1,-1.0
1482894,0.0,1,-1.0
1482954,0.91,0,91.0
1483494,0.0,1,-1.0
1483574,0.0,1,-1.0
1483637,0.0,1,-1.0
1484196,0.0,1,-1.0
1486951,0.0,1,-1.0
1487436,0.0,1,-1.0
1488033,0.0,1,-1.0
1489284,0.0,1,-1.0
1491013,0.0,1,-1.0
1492520,0.0,1,-1.0
1492618,0.0,1,-1.0
1492973,0.0,1,-1.0
1495285,0.0,1,-1.0
1495586,0.0,1,-1.0
1496060,0.0,1,-1.0
1498805,0.0,1,-1.0
1498965,0.0,1,-1.0
1499666,0.0,1,-1.0
1499777,0.0,1,-1.0
1500387,0.0,1,-1.0
1501615,0.0,1,-1.0
1503752,0.0,1,-1.0
1503969,0.0,1,-1.0
1504219,0.0,1,-1.0
1504236,0.0,1,-1.0
1504565,0.0,1,-1.0
1504740,0.0,1,-1.0
1505804,0.0,1,-1.0
1505910,0.0,1,-1.0
1506767,0.0,1,-1.0
1507660,0.0,1,-1.0
1509135,0.0,1,-1.0
1509163,0.0,1,-1.0
1509314,0.0,1,-1.0
1509851,0.86,0,86.0
1510323,0.0,1,-1.0
1510565,0.0,1,-1.0
1512088,0.0,1,-1.0
1513838,0.0,1,-1.0
1515839,0.0,1,-1.0
1516072,0.0,1,-1.0
1517565,0.0,1,-1.0
1517709,0.0,1,-1.0
1517880,0.0,1,-1.0
1519550,0.0,1,-1.0
1520650,0.0,1,-1.0
1522460,0.0,1,-1.0
1523267,0.0,1,-1.0
1524459,0.0,1,-1.0
1525084,0.0,1,-1.0
1525611,0.0,1,-1.0
1526760,0.0,1,-1.0
1527030,0.0,1,-1.0
1527078,0.0,1,-1.0
1527148,0.0,1,-1.0
1527582,0.0,1,-1.0
1527597,0.0,1,-1.0
1527621,0.0,1,-1.0
1531163,0.0,1,-1.0
1531441,0.0,1,-1.0
1531451,0.9,0,90.0
1531465,0.0,1,-1.0
1531923,0.0,1,-1.0
1533204,0.0,1,-1.0
1533946,0.88,0,88.0
1534285,0.0,1,-1.0
1534902,0.0,1,-1.0
1534999,0.0,1,-1.0
1536486,0.0,1,-1.0
1537491,0.0,1,-1.0
1537899,0.0,1,-1.0
1538000,0.0,1,-1.0
1539177,0.0,1,-1.0
1540545,0.0,1,-1.0
1541008,0.0,1,-1.0
1541208,0.0,1,-1.0
1541559,0.0,1,-1.0
1541898,0.0,1,-1.0
1542360,0.84,0,84.0
1542612,0.0,1,-1.0
1543661,0.0,1,-1.0
1544357,0.0,1,-1.0
1544605,0.0,1,-1.0
1544829,0.0,1,-1.0
1545882,0.0,1,-1.0
1546443,0.0,1,-1.0
1549220,0.0,1,-1.0
1550247,0.0,1,-1.0
1551604,0.0,1,-1.0
1553382,0.0,1,-1.0
1553561,0.0,1,-1.0
1558539,0.0,1,-1.0
1559134,0.0,1,-1.0
1559418,0.0,1,-1.0
1560706,0.0,1,-1.0
1561638,0.0,1,-1.0
1562154,0.0,1,-1.0
1563632,0.0,1,-1.0
1566978,0.0,1,-1.0
1567448,0.85,0,85.0
1568244,0.0,1,-1.0
1569279,0.0,1,-1.0
1569776,0.0,1,-1.0
1570083,0.0,1,-1.0
1571225,0.0,1,-1.0
1571296,0.0,1,-1.0
1573535,0.0,1,-1.0
1574209,0.0,1,-1.0
1574219,0.0,1,-1.0
1574514,0.0,1,-1.0
1575099,0.0,1,-1.0
1575483,0.0,1,-1.0
1575898,0.0,1,-1.0
1576657,0.0,1,-1.0
1576724,0.0,1,-1.0
1578700,0.0,1,-1.0
1578938,0.0,1,-1.0
1579668,0.0,1,-1.0
1580441,0.0,1,-1.0
1580605,0.0,1,-1.0
1581621,0.0,1,-1.0
1582592,0.0,1,-1.0
1584449,0.0,1,-1.0
1584899,0.0,1,-1.0
1587028,0.83,0,83.0
1587410,0.0,1,-1.0
1589103,0.0,1,-1.0
1589907,0.0,1,-1.0
1590169,0.0,1,-1.0
1590186,0.0,1,-1.0
1591807,0.0,1,-1.0
1593098,0.0,1,-1.0
1593330,0.78,0,78.0
1595587,0.0,1,-1.0
1596473,0.0,1,-1.0
1596842,0.0,1,-1.0
1599423,0.0,1,-1.0
1599458,0.0,1,-1.0
1600239,0.0,1,-1.0
1604008,0.0,1,-1.0
1604255,0.0,1,-1.0
1605056,0.0,1,-1.0
1606456,0.0,1,-1.0
1606509,0.0,1,-1.0
1607279,0.0,1,-1.0
1607456,0.0,1,-1.0
1608136,0.0,1,-1.0
1610302,0.0,1,-1.0
1612308,0.0,1,-1.0
1612823,0.0,1,-1.0
1614565,0.0,1,-1.0
1615472,0.0,1,-1.0
1617100,0.0,1,-1.0
1617593,0.0,1,-1.0
1618213,0.0,1,-1.0
1619582,0.0,1,-1.0
1621380,0.0,1,-1.0
1621438,0.0,1,-1.0
1621775,0.0,1,-1.0
1622216,0.0,1,-1.0
1624575,0.0,1,-1.0
1625169,0.0,1,-1.0
1625496,0.0,1,-1.0
1627200,0.0,1,-1.0
1629002,0.0,1,-1.0
1629870,0.0,1,-1.0
1631046,0.0,1,-1.0
1632112,0.0,1,-1.0
1633108,0.0,1,-1.0
1636634,0.0,1,-1.0
1636865,0.0,1,-1.0
1637864,0.0,1,-1.0
1638743,0.0,1,-1.0
1638984,0.0,1,-1.0
1639027,0.0,1,-1.0
1641713,0.0,1,-1.0
1642477,0.0,1,-1.0
1642723,0.0,1,-1.0
1644208,0.0,1,-1.0
1645590,0.0,1,-1.0
1646032,0.0,1,-1.0
1646859,0.0,1,-1.0
1648823,0.0,1,-1.0
1649010,0.0,1,-1.0
1650247,0.0,1,-1.0
1650395,0.0,1,-1.0
1650918,0.0,1,-1.0
1653557,0.0,1,-1.0
1653601,0.0,1,-1.0
1657498,0.0,1,-1.0
1658324,0.0,1,-1.0
1658998,0.0,1,-1.0
1659057,0.0,1,-1.0
1660594,0.0,1,-1.0
1660689,0.0,1,-1.0
1661241,0.0,1,-1.0
1663208,0.0,1,-1.0
1663441,0.0,1,-1.0
1663485,0.0,1,-1.0
1663952,0.0,1,-1.0
1668903,0.0,1,-1.0
1669032,0.0,1,-1.0
1670951,0.0,1,-1.0
1672763,0.0,1,-1.0
1673756,0.0,1,-1.0
1673951,0.0,1,-1.0
1674525,0.0,1,-1.0
1674769,0.0,1,-1.0
1677276,0.0,1,-1.0
1678177,0.0,1,-1.0
1678466,0.0,1,-1.0
1678822,0.0,1,-1.0
1678842,0.85,0,85.0
1679171,0.0,1,-1.0
1679569,0.0,1,-1.0
1680856,0.0,1,-1.0
1681182,0.0,1,-1.0
1681662,0.81,0,81.0
1682428,0.0,1,-1.0
1682658,0.0,1,-1.0
1683004,0.0,1,-1.0
1683123,0.0,1,-1.0
1683814,0.0,1,-1.0
1684089,0.0,1,-1.0
1684556,0.0,1,-1.0
1685564,0.0,1,-1.0
1685748,0.0,1,-1.0
1691078,0.0,1,-1.0
1691384,0.0,1,-1.0
1694570,0.0,1,-1.0
1697363,0.0,1,-1.0
1697979,0.0,1,-1.0
1700130,0.0,1,-1.0
1700412,0.0,1,-1.0
1700913,0.0,1,-1.0
1701264,0.0,1,-1.0
1702753,0.0,1,-1.0
1703530,0.0,1,-1.0
1704363,0.0,1,-1.0
1705301,0.0,1,-1.0
1705983,0.0,1,-1.0
1706035,0.0,1,-1.0
1706810,0.0,1,-1.0
1707000,0.0,1,-1.0
1707427,0.83,0,83.0
1708253,0.0,1,-1.0
1708347,0.82,0,82.0
1710598,0.0,1,-1.0
1713103,0.0,1,-1.0
1713814,0.0,1,-1.0
1714200,0.0,1,-1.0
1715975,0.0,1,-1.0
1716702,0.0,1,-1.0
1718165,0.0,1,-1.0
1718878,0.0,1,-1.0
1721469,0.0,1,-1.0
1725845,0.0,1,-1.0
1726970,0.0,1,-1.0
1727289,0.0,1,-1.0
1727377,0.0,1,-1.0
1727750,0.0,1,-1.0
1729571,0.0,1,-1.0
1730333,0.0,1,-1.0
1730588,0.0,1,-1.0
1733918,0.0,1,-1.0
1736535,0.0,1,-1.0
1737165,0.0,1,-1.0
1738814,0.0,1,-1.0
1739620,0.0,1,-1.0
1740117,0.0,1,-1.0
1740511,0.83,0,83.0
1742321,0.0,1,-1.0
1742890,0.0,1,-1.0
1742956,0.0,1,-1.0
1745980,0.84,0,84.0
1747527,0.0,1,-1.0
1748099,0.0,1,-1.0
1751153,0.0,1,-1.0
1752442,0.0,1,-1.0
1754702,0.0,1,-1.0
1754831,0.0,1,-1.0
1754884,0.0,1,-1.0
1755556,0.0,1,-1.0
1756680,0.0,1,-1.0
1757500,0.0,1,-1.0
1759650,0.0,1,-1.0
1761083,0.0,1,-1.0
1763229,0.0,1,-1.0
1765145,0.0,1,-1.0
1765260,0.0,1,-1.0
1765296,0.8,0,80.0
1767500,0.0,1,-1.0
1769778,0.0,1,-1.0
1770028,0.0,1,-1.0
1770650,0.0,1,-1.0
1771365,0.0,1,-1.0
1771988,0.0,1,-1.0
1772008,0.0,1,-1.0
1772250,0.0,1,-1.0
1772423,0.0,1,-1.0
1772902,0.83,0,83.0
1773602,0.0,1,-1.0
1776998,0.0,1,-1.0
1777179,0.0,1,-1.0
1777901,0.82,0,82.0
1780598,0.0,1,-1.0
1781939,0.0,1,-1.0
1782586,0.0,1,-1.0
1785236,0.0,1,-1.0
1785582,0.0,1,-1.0
1785668,0.0,1,-1.0
1785838,0.0,1,-1.0
1790081,0.0,1,-1.0
1790238,0.0,1,-1.0
1790240,0.0,1,-1.0
1790824,0.0,1,-1.0
1791609,0.0,1,-1.0
1793664,0.0,1,-1.0
1794063,0.0,1,-1.0
1794216,0.0,1,-1.0
1796761,0.84,0,84.0
1797496,0.0,1,-1.0
1798465,0.0,1,-1.0
1799459,0.0,1,-1.0
1800860,0.0,1,-1.0
1801229,0.74,0,74.0
1803582,0.0,1,-1.0
1805069,0.0,1,-1.0
1805775,0.0,1,-1.0
1810145,0.0,1,-1.0
1813180,0.0,1,-1.0
1817147,0.0,1,-1.0
1817342,0.0,1,-1.0
1818898,0.0,1,-1.0
1820372,0.0,1,-1.0
1823103,0.0,1,-1.0
1824085,0.0,1,-1.0
1824871,0.0,1,-1.0
1826903,0.0,1,-1.0
1827213,0.0,1,-1.0
1827722,0.0,1,-1.0
1830133,0.0,1,-1.0
1830496,0.0,1,-1.0
1830843,0.0,1,-1.0
1831901,0.0,1,-1.0
1832623,0.0,1,-1.0
1833146,0.0,1,-1.0
1834543,0.0,1,-1.0
1834631,0.0,1,-1.0
1834874,0.0,1,-1.0
1835049,0.0,1,-1.0
1835157,0.0,1,-1.0
1835660,0.0,1,-1.0
1835929,0.0,1,-1.0
1836420,0.0,1,-1.0
1837344,0.0,1,-1.0
1837709,0.0,1,-1.0
1837842,0.0,1,-1.0
1839135,0.0,1,-1.0
1840461,0.0,1,-1.0
1840683,0.0,1,-1.0
1841636,0.0,1,-1.0
1842579,0.0,1,-1.0
1843243,0.0,1,-1.0
1844197,0.0,1,-1.0
1844923,0.0,1,-1.0
1847400,0.0,1,-1.0
1847677,0.7,0,70.0
1848376,0.0,1,-1.0
1849363,0.0,1,-1.0
1849554,0.0,1,-1.0
1849599,0.0,1,-1.0
1850250,0.0,1,-1.0
1850599,0.0,1,-1.0
1851713,0.0,1,-1.0
1852297,0.0,1,-1.0
1853136,0.0,1,-1.0
1853603,0.0,1,-1.0
1853727,0.0,1,-1.0
1854411,0.0,1,-1.0
1854543,0.0,1,-1.0
1856597,0.0,1,-1.0
1857132,0.0,1,-1.0
1859246,0.0,1,-1.0
1860317,0.0,1,-1.0
1860565,0.0,1,-1.0
1861917,0.0,1,-1.0
1862614,0.0,1,-1.0
1867764,0.0,1,-1.0
1868392,0.0,1,-1.0
1868976,0.0,1,-1.0
1869361,0.0,1,-1.0
1869621,0.0,1,-1.0
1870219,0.0,1,-1.0
1871428,0.0,1,-1.0
1871800,0.0,1,-1.0
1872526,0.0,1,-1.0
1872589,0.0,1,-1.0
1874340,0.0,1,-1.0
1874361,0.0,1,-1.0
1876251,0.0,1,-1.0
1876994,0.0,1,-1.0
1877654,0.0,1,-1.0
1877673,0.0,1,-1.0
1877821,0.0,1,-1.0
1878149,0.0,1,-1.0
1880278,0.0,1,-1.0
1880330,0.0,1,-1.0
1881550,0.0,1,-1.0
1883162,0.0,1,-1.0
1883406,0.0,1,-1.0
1885096,0.0,1,-1.0
1885276,0.0,1,-1.0
1887063,0.0,1,-1.0
1889011,0.0,1,-1.0
1889236,0.0,1,-1.0
1889391,0.0,1,-1.0
1889907,0.0,1,-1.0
1890318,0.0,1,-1.0
1891067,0.83,0,83.0
1892655,0.0,1,-1.0
1892957,0.89,0,89.0
1893547,0.0,1,-1.0
1894628,0.0,1,-1.0
1894948,0.0,1,-1.0
1896253,0.0,1,-1.0
1896499,0.0,1,-1.0
1896791,0.0,1,-1.0
1897267,0.0,1,-1.0
1897444,0.0,1,-1.0
1897452,0.0,1,-1.0
1898410,0.0,1,-1.0
1899395,0.0,1,-1.0
1899883,0.0,1,-1.0
1900059,0.0,1,-1.0
1901502,0.0,1,-1.0
1901617,0.0,1,-1.0
1903902,0.0,1,-1.0
1903935,0.0,1,-1.0
1905149,0.0,1,-1.0
1907507,0.0,1,-1.0
1909060,0.0,1,-1.0
1909953,0.0,1,-1.0
1910393,0.0,1,-1.0
1910563,0.0,1,-1.0
1910837,0.0,1,-1.0
1910878,0.0,1,-1.0
1911127,0.0,1,-1.0
1911496,0.0,1,-1.0
1913966,0.0,1,-1.0
1915126,0.85,0,85.0
1916180,0.88,0,88.0
1916199,0.0,1,-1.0
1917974,0.0,1,-1.0
1918600,0.0,1,-1.0
1921187,0.0,1,-1.0
1921391,0.0,1,-1.0
1921740,0.0,1,-1.0
1922693,0.0,1,-1.0
1923510,0.0,1,-1.0
1923783,0.0,1,-1.0
1926821,0.0,1,-1.0
1926921,0.0,1,-1.0
1927087,0.0,1,-1.0
1931462,0.0,1,-1.0
1931852,0.0,1,-1.0
1933016,0.0,1,-1.0
1933923,0.0,1,-1.0
1934711,0.0,1,-1.0
1934910,0.0,1,-1.0
1935695,0.0,1,-1.0
1936968,0.0,1,-1.0
1937283,0.84,0,84.0
1937450,0.0,1,-1.0
1938831,0.0,1,-1.0
1940222,0.0,1,-1.0
1940429,0.0,1,-1.0
1943417,0.0,1,-1.0
1943776,0.0,1,-1.0
1943953,0.0,1,-1.0
1946371,0.0,1,-1.0
1946707,0.0,1,-1.0
1947844,0.0,1,-1.0
1948100,0.0,1,-1.0
1948858,0.0,1,-1.0
1949624,0.0,1,-1.0
1951633,0.0,1,-1.0
1952406,0.0,1,-1.0
1954053,0.0,1,-1.0
1954953,0.0,1,-1.0
1955514,0.0,1,-1.0
1956197,0.0,1,-1.0
1956751,0.0,1,-1.0
1956904,0.0,1,-1.0
1956965,0.0,1,-1.0
1957648,0.0,1,-1.0
1957715,0.0,1,-1.0
1957911,0.0,1,-1.0
1958165,0.0,1,-1.0
1958231,0.0,1,-1.0
1958765,0.0,1,-1.0
1959236,0.0,1,-1.0
1959286,0.0,1,-1.0
1960049,0.97,0,97.0
1960088,0.0,1,-1.0
1961221,0.0,1,-1.0
1961575,0.0,1,-1.0
1962215,0.0,1,-1.0
1962613,0.88,0,88.0
1964922,0.0,1,-1.0
1965189,0.0,1,-1.0
1965289,0.0,1,-1.0
1966450,0.0,1,-1.0
1966756,0.0,1,-1.0
1967028,0.0,1,-1.0
1967324,0.0,1,-1.0
1970916,0.0,1,-1.0
1972067,0.0,1,-1.0
1972611,0.0,1,-1.0
1976294,0.0,1,-1.0
1976636,0.0,1,-1.0
1977678,0.0,1,-1.0
1981893,0.0,1,-1.0
1982433,0.0,1,-1.0
1982479,0.0,1,-1.0
1984184,0.0,1,-1.0
1984539,0.0,1,-1.0
1984662,0.0,1,-1.0
1985518,0.0,1,-1.0
1985965,0.0,1,-1.0
1986868,0.0,1,-1.0
1987926,0.0,1,-1.0
1988661,0.0,1,-1.0
1989442,0.0,1,-1.0
1989555,0.0,1,-1.0
1991113,0.0,1,-1.0
1991966,0.0,1,-1.0
1992333,0.0,1,-1.0
1992437,0.0,1,-1.0
1992683,0.0,1,-1.0
1995195,0.0,1,-1.0
1995488,0.0,1,-1.0
1998650,0.0,1,-1.0
1999023,0.0,1,-1.0
1999566,0.0,1,-1.0
1999593,0.0,1,-1.0
1999871,0.0,1,-1.0
2001530,0.0,1,-1.0
2002087,0.0,1,-1.0
2002132,0.0,1,-1.0
2002433,0.0,1,-1.0
2002957,0.0,1,-1.0
2003031,0.0,1,-1.0
2004443,0.0,1,-1.0
2005236,0.0,1,-1.0
2006828,0.0,1,-1.0
2008318,0.0,1,-1.0
2009880,0.0,1,-1.0
2011884,0.0,1,-1.0
2012142,0.0,1,-1.0
2012450,0.0,1,-1.0
2012943,0.0,1,-1.0
2014179,0.0,1,-1.0
2016364,0.0,1,-1.0
2016410,0.0,1,-1.0
2017607,0.0,1,-1.0
2017676,0.0,1,-1.0
2017967,0.0,1,-1.0
2018268,0.95,0,95.0
2018400,0.0,1,-1.0
2019604,0.0,1,-1.0
2019897,0.0,1,-1.0
2022181,0.0,1,-1.0
2022443,0.0,1,-1.0
2022666,0.0,1,-1.0
2024903,0.0,1,-1.0
2024919,0.0,1,-1.0
2026226,0.0,1,-1.0
2026399,0.0,1,-1.0
2027014,0.0,1,-1.0
2027254,0.0,1,-1.0
2027505,0.0,1,-1.0
2028321,0.0,1,-1.0
2028521,0.0,1,-1.0
2028610,0.0,1,-1.0
2028786,0.0,1,-1.0
2030505,0.0,1,-1.0
2031070,0.0,1,-1.0
2031211,0.0,1,-1.0
2033515,0.0,1,-1.0
2033582,0.0,1,-1.0
2033629,0.0,1,-1.0
2036193,0.0,1,-1.0
2036994,0.0,1,-1.0
2040196,0.0,1,-1.0
2040987,0.0,1,-1.0
2042434,0.0,1,-1.0
2042928,0.0,1,-1.0
2042945,0.0,1,-1.0
2043757,0.0,1,-1.0
2043980,0.0,1,-1.0
2046832,0.0,1,-1.0
2049907,0.0,1,-1.0
2051113,0.0,1,-1.0
2052321,0.0,1,-1.0
2052546,0.0,1,-1.0
2052880,0.0,1,-1.0
2053021,0.0,1,-1.0
2053247,0.0,1,-1.0
2054081,0.85,0,85.0
2054369,0.0,1,-1.0
2055731,0.74,0,74.0
2056485,0.0,1,-1.0
2057892,0.0,1,-1.0
2057937,0.0,1,-1.0
2058002,0.0,1,-1.0
2058396,0.0,1,-1.0
2058774,0.0,1,-1.0
2059264,0.0,1,-1.0
2059790,0.0,1,-1.0
2062199,0.0,1,-1.0
2062355,0.0,1,-1.0
2066525,0.0,1,-1.0
2066618,0.0,1,-1.0
2066701,0.0,1,-1.0
2066782,0.0,1,-1.0
2066836,0.0,1,-1.0
2067156,0.0,1,-1.0
2067173,0.0,1,-1.0
2067266,0.0,1,-1.0
2067455,0.0,1,-1.0
2067706,0.0,1,-1.0
2068262,0.0,1,-1.0
2068308,0.0,1,-1.0
2068786,0.0,1,-1.0
2068890,0.0,1,-1.0
2069096,0.0,1,-1.0
2069458,0.0,1,-1.0
2069626,0.0,1,-1.0
2069750,0.0,1,-1.0
2069993,0.0,1,-1.0
2070143,0.0,1,-1.0
2071179,0.0,1,-1.0
2072161,0.0,1,-1.0
2073350,0.0,1,-1.0
2074512,0.0,1,-1.0
2074724,0.0,1,-1.0
2075251,0.0,1,-1.0
2076391,0.0,1,-1.0
2077599,0.0,1,-1.0
2077778,0.0,1,-1.0
2077841,0.0,1,-1.0
2078125,0.0,1,-1.0
2078747,0.0,1,-1.0
2082227,0.0,1,-1.0
2082972,0.0,1,-1.0
2082988,0.0,1,-1.0
2083089,0.0,1,-1.0
2083112,0.84,0,84.0
2083153,0.0,1,-1.0
2083308,0.0,1,-1.0
2083376,0.0,1,-1.0
2084828,0.0,1,-1.0
2085141,0.0,1,-1.0
2085164,0.0,1,-1.0
2089145,0.0,1,-1.0
2089678,0.0,1,-1.0
2098889,0.0,1,-1.0
2100854,0.0,1,-1.0
2101040,0.0,1,-1.0
2101781,0.0,1,-1.0
2104148,0.0,1,-1.0
2105021,0.0,1,-1.0
2105588,0.0,1,-1.0
2105642,0.0,1,-1.0
2106242,0.0,1,-1.0
2106650,0.0,1,-1.0
2107141,0.0,1,-1.0
2109414,0.0,1,-1.0
2109489,0.8,0,80.0
2110433,0.0,1,-1.0
2111926,0.0,1,-1.0
2115715,0.0,1,-1.0
2117067,0.0,1,-1.0
2117123,0.0,1,-1.0
2117454,0.0,1,-1.0
2121322,0.0,1,-1.0
2122587,0.0,1,-1.0
2122822,0.0,1,-1.0
2123511,0.0,1,-1.0
2124021,0.85,0,85.0
2125027,0.0,1,-1.0
2125153,0.0,1,-1.0
2125581,0.0,1,-1.0
2126754,0.0,1,-1.0
2127272,0.0,1,-1.0
2128888,0.0,1,-1.0
2130511,0.0,1,-1.0
2130676,0.0,1,-1.0
2131245,0.0,1,-1.0
2131979,0.0,1,-1.0
2132036,0.96,0,96.0
2133115,0.0,1,-1.0
2134133,0.0,1,-1.0
2134498,0.0,1,-1.0
2135265,0.0,1,-1.0
2135423,0.0,1,-1.0
2136411,0.0,1,-1.0
2138769,0.0,1,-1.0
2139515,0.0,1,-1.0
2139722,0.0,1,-1.0
2140421,0.0,1,-1.0
2142860,0.0,1,-1.0
2146469,0.0,1,-1.0
2146746,0.0,1,-1.0
2146947,0.0,1,-1.0
2147057,0.0,1,-1.0
2147994,0.0,1,-1.0
2150604,0.0,1,-1.0
2152176,0.0,1,-1.0
2153584,0.0,1,-1.0
2154463,0.0,1,-1.0
2156247,0.0,1,-1.0
2157465,0.0,1,-1.0
2157749,0.0,1,-1.0
2159196,0.0,1,-1.0
2159315,0.0,1,-1.0
2159909,0.0,1,-1.0
2160233,0.0,1,-1.0
2162234,0.0,1,-1.0
2162646,0.0,1,-1.0
2162653,0.0,1,-1.0
2165891,0.0,1,-1.0
2166158,0.0,1,-1.0
2166828,0.0,1,-1.0
2166895,0.0,1,-1.0
2167443,0.0,1,-1.0
2167806,0.0,1,-1.0
2169689,0.0,1,-1.0
2170158,0.0,1,-1.0
2170768,0.0,1,-1.0
2171754,0.0,1,-1.0
2173268,0.86,0,86.0
2173512,0.0,1,-1.0
2177831,0.0,1,-1.0
2180085,0.0,1,-1.0
2180559,0.0,1,-1.0
2181383,0.0,1,-1.0
2182515,0.0,1,-1.0
2185111,0.0,1,-1.0
2185658,0.0,1,-1.0
2187029,0.0,1,-1.0
2187073,0.0,1,-1.0
2188499,0.0,1,-1.0
2192602,0.0,1,-1.0
2194670,0.0,1,-1.0
2196262,0.0,1,-1.0
2197694,0.0,1,-1.0
2199423,0.0,1,-1.0
2201882,0.82,0,82.0
2208278,0.0,1,-1.0
2208500,0.0,1,-1.0
2209173,0.0,1,-1.0
2209626,0.0,1,-1.0
2210517,0.0,1,-1.0
2211113,0.0,1,-1.0
2212493,0.0,1,-1.0
2213343,0.0,1,-1.0
2217549,0.0,1,-1.0
2218566,0.0,1,-1.0
2220560,0.0,1,-1.0
2221878,0.0,1,-1.0
2222591,0.0,1,-1.0
2223934,0.0,1,-1.0
2225119,0.0,1,-1.0
2225139,0.0,1,-1.0
2225515,0.0,1,-1.0
2225606,0.0,1,-1.0
2226268,0.0,1,-1.0
2227677,0.0,1,-1.0
2228151,0.0,1,-1.0
2228249,0.0,1,-1.0
2229186,0.0,1,-1.0
2230810,0.0,1,-1.0
2230979,0.0,1,-1.0
2232063,0.0,1,-1.0
2233346,0.0,1,-1.0
2233370,0.0,1,-1.0
2235047,0.0,1,-1.0
2238361,0.0,1,-1.0
2238407,0.0,1,-1.0
2238934,0.0,1,-1.0
2239819,0.0,1,-1.0
2243958,0.0,1,-1.0
2244529,0.0,1,-1.0
2245376,0.0,1,-1.0
2246326,0.0,1,-1.0
2248455,0.0,1,-1.0
2249424,1.0,0,100.0
2254918,0.0,1,-1.0
2257499,0.0,1,-1.0
2258329,0.0,1,-1.0
2261788,0.0,1,-1.0
2263613,0.0,1,-1.0
2266416,0.93,0,93.0
2269117,0.0,1,-1.0
2272951,0.0,1,-1.0
2273599,0.0,1,-1.0
2273843,0.0,1,-1.0
2274718,0.0,1,-1.0
2274992,0.0,1,-1.0
2275122,0.0,1,-1.0
2277821,0.0,1,-1.0
2278114,0.0,1,-1.0
2278775,0.0,1,-1.0
2281154,0.0,1,-1.0
2281163,0.0,1,-1.0
2281164,0.0,1,-1.0
2281173,0.0,1,-1.0
2281200,0.0,1,-1.0
2281210,0.0,1,-1.0
2281237,0.0,1,-1.0
2281239,0.0,1,-1.0
2281255,0.0,1,-1.0
2281268,0.0,1,-1.0
2281275,0.0,1,-1.0
2281288,0.0,1,-1.0
2281331,0.0,1,-1.0
2281389,0.0,1,-1.0
2281397,0.0,1,-1.0
2281444,0.0,1,-1.0
2281492,0.0,1,-1.0
2281493,0.0,1,-1.0
2281513,0.0,1,-1.0
2281534,0.0,1,-1.0
2281539,0.0,1,-1.0
2281566,0.0,1,-1.0
2281594,0.0,1,-1.0
2281623,0.0,1,-1.0
2281699,0.0,1,-1.0
2281706,0.0,1,-1.0
2281728,0.0,1,-1.0
2281751,0.0,1,-1.0
2281752,0.0,1,-1.0
2281761,0.0,1,-1.0
2281770,0.0,1,-1.0
2281819,0.0,1,-1.0
2281821,0.0,1,-1.0
2281831,0.0,1,-1.0
2281852,0.0,1,-1.0
2281877,0.0,1,-1.0
2281948,0.0,1,-1.0
2281952,0.0,1,-1.0
2281984,0.0,1,-1.0
2282024,0.0,1,-1.0
2282061,0.0,1,-1.0
2282082,0.0,1,-1.0
2282133,0.0,1,-1.0
2282135,0.0,1,-1.0
2282140,0.0,1,-1.0
2282165,0.0,1,-1.0
2282192,0.0,1,-1.0
2282213,0.0,1,-1.0
2282214,0.0,1,-1.0
2282258,0.83,0,83.0
2282292,0.0,1,-1.0
2282303,0.0,1,-1.0
2282309,0.0,1,-1.0
2282335,0.0,1,-1.0
2282363,0.0,1,-1.0
2282383,0.0,1,-1.0
2282451,0.0,1,-1.0
2282476,0.0,1,-1.0
2282487,0.83,0,83.0
2282574,0.0,1,-1.0
2282688,0.0,1,-1.0
2282706,0.0,1,-1.0
2282785,0.0,1,-1.0
2282821,0.0,1,-1.0
2282840,0.0,1,-1.0
2282851,0.0,1,-1.0
2282916,0.0,1,-1.0
2282936,0.0,1,-1.0
2282965,0.9,0,90.0
2283004,0.0,1,-1.0
2283020,0.0,1,-1.0
2283027,0.0,1,-1.0
2283069,0.0,1,-1.0
2283126,0.0,1,-1.0
2283177,0.0,1,-1.0
2283178,0.0,1,-1.0
2283183,0.0,1,-1.0
2283195,0.0,1,-1.0
2283252,0.0,1,-1.0
2283298,0.0,1,-1.0
2283312,0.0,1,-1.0
2283317,0.84,0,84.0
2283342,0.0,1,-1.0
2283360,0.0,1,-1.0
2283396,0.0,1,-1.0
2283403,0.0,1,-1.0
2283406,0.0,1,-1.0
2283410,0.0,1,-1.0
2283425,0.9,0,90.0
2283460,0.0,1,-1.0
2283502,0.0,1,-1.0
2283526,0.0,1,-1.0
2283550,0.0,1,-1.0
2283568,0.85,0,85.0
2283585,0.0,1,-1.0
2283614,0.0,1,-1.0
2283700,0.0,1,-1.0
2283752,0.0,1,-1.0
2283804,0.0,1,-1.0
2283819,0.0,1,-1.0
2283860,0.0,1,-1.0
2283876,0.0,1,-1.0
2283950,0.0,1,-1.0
2283982,0.0,1,-1.0
2284072,0.0,1,-1.0
2284089,0.0,1,-1.0
2284212,0.0,1,-1.0
2284239,0.0,1,-1.0
2284245,0.0,1,-1.0
2284279,0.0,1,-1.0
2284303,0.0,1,-1.0
2284311,0.0,1,-1.0
2284312,0.0,1,-1.0
2284317,0.0,1,-1.0
2284326,0.0,1,-1.0
2284424,0.0,1,-1.0
2284474,0.0,1,-1.0
2284505,0.0,1,-1.0
2284507,0.0,1,-1.0
2284513,0.0,1,-1.0
2284519,0.0,1,-1.0
2284557,0.0,1,-1.0
2284624,0.0,1,-1.0
2284661,0.0,1,-1.0
2284677,0.0,1,-1.0
2284684,0.0,1,-1.0
2284704,0.0,1,-1.0
2284785,0.0,1,-1.0
2284803,0.0,1,-1.0
2284875,0.0,1,-1.0
2284903,0.0,1,-1.0
2284938,0.0,1,-1.0
2284955,0.0,1,-1.0
2284995,0.0,1,-1.0
2285066,0.0,1,-1.0
2285069,0.0,1,-1.0
2285090,0.0,1,-1.0
2285110,0.0,1,-1.0
2285195,0.0,1,-1.0
2285211,0.83,0,83.0
2285221,0.0,1,-1.0
2285241,0.0,1,-1.0
2285265,0.0,1,-1.0
2285278,0.0,1,-1.0
2285290,0.0,1,-1.0
2285357,0.0,1,-1.0
2285377,0.0,1,-1.0
2285386,0.0,1,-1.0
2285389,0.86,0,86.0
2285423,0.0,1,-1.0
2285473,0.0,1,-1.0
2285505,0.0,1,-1.0
2285551,0.0,1,-1.0
2285623,0.0,1,-1.0
2285653,0.0,1,-1.0
2285673,0.0,1,-1.0
2285677,0.0,1,-1.0
2285687,0.0,1,-1.0
2285698,0.0,1,-1.0
2285706,0.0,1,-1.0
2285711,0.0,1,-1.0
2285713,0.0,1,-1.0
2285721,0.0,1,-1.0
2285762,0.0,1,-1.0
2285769,0.0,1,-1.0
2285811,0.0,1,-1.0
2285836,0.0,1,-1.0
2285932,0.0,1,-1.0
2286099,0.0,1,-1.0
2286112,0.0,1,-1.0
2286121,0.0,1,-1.0
2286162,0.0,1,-1.0
2286171,0.0,1,-1.0
2286249,0.0,1,-1.0
2286290,0.0,1,-1.0
2286393,0.79,0,79.0
2286444,0.0,1,-1.0
2286451,0.87,0,87.0
2286511,0.0,1,-1.0
2286578,0.0,1,-1.0
2286591,0.0,1,-1.0
2286592,0.0,1,-1.0
2286668,0.0,1,-1.0
2286671,0.0,1,-1.0
2286688,0.0,1,-1.0
2286690,0.0,1,-1.0
2286725,0.0,1,-1.0
2286798,0.0,1,-1.0
2286815,0.0,1,-1.0
2286818,0.0,1,-1.0
2286872,0.0,1,-1.0
2286975,0.0,1,-1.0
2287017,0.0,1,-1.0
2287040,0.0,1,-1.0
2287058,0.0,1,-1.0
2287130,0.0,1,-1.0
2287133,0.0,1,-1.0
2287184,0.0,1,-1.0
2287234,0.0,1,-1.0
2287280,0.0,1,-1.0
2287309,0.0,1,-1.0
2287327,0.0,1,-1.0
2287343,0.0,1,-1.0
2287346,0.0,1,-1.0
2287415,0.0,1,-1.0
2287446,0.84,0,84.0
2287494,0.79,0,79.0
2287501,0.0,1,-1.0
2287610,0.0,1,-1.0
2287748,0.0,1,-1.0
2287758,0.0,1,-1.0
2287841,0.0,1,-1.0
2287846,0.85,0,85.0
2287848,0.85,0,85.0
2287878,0.0,1,-1.0
2287880,0.0,1,-1.0
2287892,0.0,1,-1.0
2287899,0.0,1,-1.0
2287974,0.0,1,-1.0
2288057,0.78,0,78.0
2288082,0.0,1,-1.0
2288128,0.0,1,-1.0
2288179,0.95,0,95.0
2288277,0.0,1,-1.0
2288292,0.0,1,-1.0
2288300,0.0,1,-1.0
2288364,0.0,1,-1.0
2288375,0.0,1,-1.0
2288397,0.0,1,-1.0
2288409,0.0,1,-1.0
2288536,0.0,1,-1.0
2288543,0.0,1,-1.0
2288639,0.81,0,81.0
2288644,0.0,1,-1.0
2288662,0.0,1,-1.0
2288725,0.0,1,-1.0
2288726,0.0,1,-1.0
2288741,0.0,1,-1.0
2288750,0.0,1,-1.0
2288790,0.0,1,-1.0
2288819,0.0,1,-1.0
2288869,0.0,1,-1.0
2288884,0.91,0,91.0
2288904,0.0,1,-1.0
2288907,0.0,1,-1.0
2288931,0.86,0,86.0
2288933,0.0,1,-1.0
2288995,0.74,0,74.0
2289061,0.0,1,-1.0
2289062,0.0,1,-1.0
2289116,0.0,1,-1.0
2289174,0.0,1,-1.0
2289199,0.0,1,-1.0
2289204,0.0,1,-1.0
2289213,0.0,1,-1.0
2289240,0.0,1,-1.0
2289262,0.0,1,-1.0
2289281,0.0,1,-1.0
2289322,0.0,1,-1.0
2289338,0.0,1,-1.0
2289402,0.0,1,-1.0
2289410,0.95,0,95.0
2289517,0.85,0,85.0
2289530,0.0,1,-1.0
2289582,0.0,1,-1.0
2289593,0.0,1,-1.0
2289602,0.0,1,-1.0
2289651,0.0,1,-1.0
2289662,0.0,1,-1.0
2289705,0.0,1,-1.0
2289800,0.0,1,-1.0
2289806,0.0,1,-1.0
2289808,0.0,1,-1.0
2289836,0.0,1,-1.0
2289928,0.0,1,-1.0
2289951,0.89,0,89.0
2290134,0.0,1,-1.0
2290161,0.0,1,-1.0
2290162,0.0,1,-1.0
2290169,0.0,1,-1.0
2290224,0.0,1,-1.0
2290321,0.0,1,-1.0
2290365,0.0,1,-1.0
2290366,0.0,1,-1.0
2290373,0.0,1,-1.0
2290382,0.0,1,-1.0
2290404,0.0,1,-1.0
2290438,0.0,1,-1.0
2290440,0.0,1,-1.0
2290479,0.0,1,-1.0
2290481,0.0,1,-1.0
2290490,0.0,1,-1.0
2290520,0.0,1,-1.0
2290572,0.0,1,-1.0
2290577,0.0,1,-1.0
2290607,0.0,1,-1.0
2290627,0.0,1,-1.0
2290650,0.0,1,-1.0
2290658,0.0,1,-1.0
2290730,0.0,1,-1.0
2290825,0.0,1,-1.0
2290850,0.0,1,-1.0
2290858,0.0,1,-1.0
2290875,0.0,1,-1.0
2290922,0.0,1,-1.0
2290934,0.0,1,-1.0
2291011,0.0,1,-1.0
2291043,0.0,1,-1.0
2291158,0.0,1,-1.0
2291179,0.0,1,-1.0
2291205,0.0,1,-1.0
2291225,0.0,1,-1.0
2291240,0.0,1,-1.0
2291283,0.0,1,-1.0
2291291,0.0,1,-1.0
2291298,0.0,1,-1.0
2291318,0.0,1,-1.0
2291319,0.0,1,-1.0
2291330,0.0,1,-1.0
2291366,0.0,1,-1.0
2291367,0.0,1,-1.0
2291407,0.0,1,-1.0
2291410,0.0,1,-1.0
2291440,0.0,1,-1.0
2291446,0.0,1,-1.0
2291452,0.0,1,-1.0
2291470,0.0,1,-1.0
2291483,0.0,1,-1.0
2291484,0.0,1,-1.0
2291499,0.86,0,86.0
2291533,0.0,1,-1.0
2291612,0.0,1,-1.0
2291614,0.0,1,-1.0
2291623,0.0,1,-1.0
2291650,0.0,1,-1.0
2291685,0.0,1,-1.0
2291723,0.0,1,-1.0
2291725,0.0,1,-1.0
2291731,0.0,1,-1.0
2291732,0.0,1,-1.0
2291813,0.0,1,-1.0
2291848,0.0,1,-1.0
2291857,0.0,1,-1.0
2291885,0.0,1,-1.0
2291964,0.0,1,-1.0
2291972,0.0,1,-1.0
2291979,0.0,1,-1.0
2292018,0.0,1,-1.0
2292037,0.0,1,-1.0
2292047,0.0,1,-1.0
2292085,0.0,1,-1.0
2292097,0.0,1,-1.0
2292106,0.0,1,-1.0
2292133,0.0,1,-1.0
2292145,0.0,1,-1.0
2292189,0.0,1,-1.0
2292230,0.0,1,-1.0
2292241,0.0,1,-1.0
2292258,0.0,1,-1.0
2292269,0.0,1,-1.0
2292283,0.0,1,-1.0
2292424,0.0,1,-1.0
2292428,0.0,1,-1.0
2292442,0.0,1,-1.0
2292459,0.0,1,-1.0
2292478,0.0,1,-1.0
2292491,0.0,1,-1.0
2292537,0.0,1,-1.0
2292549,0.0,1,-1.0
2292551,0.0,1,-1.0
2292573,0.0,1,-1.0
2292591,0.0,1,-1.0
2292603,0.0,1,-1.0
2292614,0.0,1,-1.0
2292628,0.0,1,-1.0
2292656,0.0,1,-1.0
2292687,0.0,1,-1.0
2292700,0.0,1,-1.0
2292705,0.0,1,-1.0
2292714,0.0,1,-1.0
2292715,0.0,1,-1.0
2292743,0.0,1,-1.0
2292800,0.0,1,-1.0
2292810,0.0,1,-1.0
2292837,0.0,1,-1.0
2292841,0.0,1,-1.0
2292863,0.0,1,-1.0
2292869,0.0,1,-1.0
2292921,0.0,1,-1.0
2292924,0.8,0,80.0
2292925,0.0,1,-1.0
2292929,0.0,1,-1.0
2292941,0.0,1,-1.0
2292943,0.0,1,-1.0
2292949,0.0,1,-1.0
2292962,0.0,1,-1.0
2292970,0.0,1,-1.0
2292982,0.0,1,-1.0
2292983,0.0,1,-1.0
2293015,0.0,1,-1.0
2293041,0.0,1,-1.0
2293100,0.0,1,-1.0
2293108,0.0,1,-1.0
2293109,0.0,1,-1.0
2293128,0.0,1,-1.0
2293149,0.0,1,-1.0
2293189,0.0,1,-1.0
2293215,0.0,1,-1.0
2293220,0.0,1,-1.0
2293243,0.0,1,-1.0
2293283,0.0,1,-1.0
2293287,0.0,1,-1.0
2293312,0.0,1,-1.0
2293400,0.0,1,-1.0
2293409,0.0,1,-1.0
2293426,0.0,1,-1.0
2293448,0.0,1,-1.0
2293459,0.0,1,-1.0
2293475,0.0,1,-1.0
2293489,0.0,1,-1.0
2293498,0.0,1,-1.0
2293614,0.0,1,-1.0
2293664,0.0,1,-1.0
2293665,0.0,1,-1.0
2293701,0.0,1,-1.0
2293724,0.0,1,-1.0
2293765,0.0,1,-1.0
2293777,0.0,1,-1.0
2293791,0.0,1,-1.0
2293797,0.0,1,-1.0
2293824,0.0,1,-1.0
2293827,0.0,1,-1.0
2293841,0.0,1,-1.0
2293901,0.0,1,-1.0
2293958,0.0,1,-1.0
2293981,0.0,1,-1.0
2294020,0.0,1,-1.0
2294110,0.0,1,-1.0
2294132,0.0,1,-1.0
2294176,0.0,1,-1.0
2294193,0.0,1,-1.0
2294202,0.0,1,-1.0
2294213,0.0,1,-1.0
2294221,0.0,1,-1.0
2294222,0.0,1,-1.0
2294275,0.0,1,-1.0
2294287,0.0,1,-1.0
2294298,0.0,1,-1.0
2294307,0.0,1,-1.0
2294312,0.0,1,-1.0
2294320,0.0,1,-1.0
2294325,0.0,1,-1.0
2294327,0.83,0,83.0
2294331,0.0,1,-1.0
2294333,0.0,1,-1.0
2294351,0.0,1,-1.0
2294405,0.0,1,-1.0
2294408,0.0,1,-1.0
2294414,0.0,1,-1.0
2294432,0.0,1,-1.0
2294433,0.0,1,-1.0
2294436,0.0,1,-1.0
2294437,0.0,1,-1.0
2294459,0.0,1,-1.0
2294477,0.0,1,-1.0
2294480,0.0,1,-1.0
2294513,0.0,1,-1.0
2294562,0.0,1,-1.0
2294591,0.0,1,-1.0
2294658,0.83,0,83.0
2294678,0.0,1,-1.0
2294706,0.0,1,-1.0
2294784,0.0,1,-1.0
2294804,0.0,1,-1.0
2294835,0.0,1,-1.0
2294837,0.0,1,-1.0
2294890,0.0,1,-1.0
2294891,0.0,1,-1.0
2294910,0.0,1,-1.0
2294911,0.0,1,-1.0
2295013,0.0,1,-1.0
2295045,0.0,1,-1.0
2295129,0.0,1,-1.0
2295140,0.0,1,-1.0
2295145,0.0,1,-1.0
2295168,0.0,1,-1.0
2295210,0.0,1,-1.0
2295308,0.0,1,-1.0
2295310,0.0,1,-1.0
2295346,0.0,1,-1.0
2295349,0.0,1,-1.0
2295382,0.81,0,81.0
2295400,0.0,1,-1.0
2295410,0.0,1,-1.0
2295425,0.0,1,-1.0
2295441,0.0,1,-1.0
2295448,0.0,1,-1.0
2295491,0.0,1,-1.0
2295509,0.0,1,-1.0
2295531,0.0,1,-1.0
2295534,0.0,1,-1.0
2295535,0.0,1,-1.0
2295543,0.8,0,80.0
2295621,0.0,1,-1.0
2295655,0.0,1,-1.0
2295669,0.0,1,-1.0
2295706,0.0,1,-1.0
2295719,0.0,1,-1.0
2295728,0.0,1,-1.0
2295754,0.0,1,-1.0
2295763,0.0,1,-1.0
2295806,0.0,1,-1.0
2295900,0.0,1,-1.0
2295904,0.0,1,-1.0
2295930,0.0,1,-1.0
2295941,0.0,1,-1.0
2295945,0.0,1,-1.0
2295952,0.0,1,-1.0
2295965,0.0,1,-1.0
2296002,0.0,1,-1.0
2296021,0.0,1,-1.0
2296033,0.0,1,-1.0
2296046,0.0,1,-1.0
2296051,0.0,1,-1.0
2296113,0.0,1,-1.0
2296148,0.0,1,-1.0
2296174,0.0,1,-1.0
2296220,0.0,1,-1.0
2296339,0.0,1,-1.0
2296340,0.0,1,-1.0
2296372,0.82,0,82.0
2296379,0.0,1,-1.0
2296417,0.0,1,-1.0
2296425,0.0,1,-1.0
2296526,0.0,1,-1.0
2296533,0.0,1,-1.0
2296567,0.0,1,-1.0
2296572,0.0,1,-1.0
2296578,0.0,1,-1.0
2296708,0.0,1,-1.0
2296744,0.0,1,-1.0
2296776,0.0,1,-1.0
2296782,0.0,1,-1.0
2296871,0.0,1,-1.0
2296968,0.0,1,-1.0
2296976,0.0,1,-1.0
2297068,0.0,1,-1.0
2297089,0.0,1,-1.0
2297112,0.0,1,-1.0
2297116,0.0,1,-1.0
2297148,0.0,1,-1.0
2297280,0.0,1,-1.0
2297297,0.0,1,-1.0
2297307,0.0,1,-1.0
2297311,0.85,0,85.0
2297316,0.0,1,-1.0
2297342,0.0,1,-1.0
2297353,0.0,1,-1.0
2297358,0.0,1,-1.0
2297370,0.0,1,-1.0
2297411,0.0,1,-1.0
2297439,0.0,1,-1.0
2297456,0.0,1,-1.0
2297482,0.0,1,-1.0
2297490,0.0,1,-1.0
2297532,0.0,1,-1.0
2297539,0.0,1,-1.0
2297568,0.0,1,-1.0
2297590,0.0,1,-1.0
2297592,0.0,1,-1.0
2297625,0.0,1,-1.0
2297638,0.0,1,-1.0
2297641,0.0,1,-1.0
2297645,0.0,1,-1.0
2297653,0.0,1,-1.0
2297659,0.0,1,-1.0
2297660,0.0,1,-1.0
2297669,0.0,1,-1.0
2297680,0.0,1,-1.0
2297681,0.0,1,-1.0
2297686,0.0,1,-1.0
2297719,0.85,0,85.0
2297730,0.0,1,-1.0
2297788,0.0,1,-1.0
2297808,0.0,1,-1.0
2297810,0.0,1,-1.0
2297845,0.0,1,-1.0
2297849,0.0,1,-1.0
2297870,0.0,1,-1.0
2297973,0.0,1,-1.0
2297996,0.0,1,-1.0
2298009,0.0,1,-1.0
2298142,0.0,1,-1.0
2298145,0.0,1,-1.0
2298177,0.0,1,-1.0
2298181,0.0,1,-1.0
2298204,0.0,1,-1.0
2298211,0.0,1,-1.0
2298246,0.0,1,-1.0
2298292,0.0,1,-1.0
2298309,0.0,1,-1.0
2298312,0.0,1,-1.0
2298319,0.82,0,82.0
2298349,0.0,1,-1.0
2298355,0.0,1,-1.0
2298357,0.0,1,-1.0
2298457,0.0,1,-1.0
2298480,0.0,1,-1.0
2298495,0.0,1,-1.0
2298497,0.0,1,-1.0
2298504,0.0,1,-1.0
2298524,0.0,1,-1.0
2298571,0.0,1,-1.0
2298649,0.0,1,-1.0
2298652,0.0,1,-1.0
2298666,0.0,1,-1.0
2298671,0.0,1,-1.0
2298680,0.0,1,-1.0
2298695,0.88,0,88.0
2298704,0.0,1,-1.0
2298739,0.79,0,79.0
2298820,0.0,1,-1.0
2298822,0.0,1,-1.0
2298824,0.0,1,-1.0
2298838,0.0,1,-1.0
2298848,0.0,1,-1.0
2298852,0.0,1,-1.0
2298868,0.0,1,-1.0
2298874,0.74,0,74.0
2298888,0.0,1,-1.0
2298919,0.0,1,-1.0
2298936,0.0,1,-1.0
2298982,0.0,1,-1.0
2299062,0.0,1,-1.0
2299072,0.0,1,-1.0
2299150,0.0,1,-1.0
2299158,0.0,1,-1.0
2299222,0.0,1,-1.0
2299238,0.0,1,-1.0
2299240,0.0,1,-1.0
2299244,0.0,1,-1.0
2299258,0.0,1,-1.0
2299333,0.0,1,-1.0
2299366,0.0,1,-1.0
2299377,0.0,1,-1.0
2299413,0.0,1,-1.0
2299454,0.0,1,-1.0
2299456,0.82,0,82.0
2299584,0.0,1,-1.0
2299593,0.0,1,-1.0
2299632,0.0,1,-1.0
2299651,0.0,1,-1.0
2299774,0.89,0,89.0
2299814,0.0,1,-1.0
2299820,0.84,0,84.0
2299852,0.0,1,-1.0
2299928,0.0,1,-1.0
2299970,0.0,1,-1.0
2299990,0.0,1,-1.0
2300054,0.82,0,82.0
2300094,0.0,1,-1.0
2300106,0.0,1,-1.0
2300124,0.0,1,-1.0
2300135,0.97,0,97.0
2300151,0.0,1,-1.0
2300163,0.0,1,-1.0
2300211,0.88,0,88.0
2300266,0.0,1,-1.0
2300267,0.0,1,-1.0
2300288,0.0,1,-1.0
2300289,0.0,1,-1.0
2300303,0.0,1,-1.0
2300315,0.0,1,-1.0
2300335,0.0,1,-1.0
2300429,0.0,1,-1.0
2300465,0.0,1,-1.0
2300497,0.0,1,-1.0
2300537,0.0,1,-1.0
2300552,0.0,1,-1.0
2300582,0.0,1,-1.0
2300597,0.86,0,86.0
2300621,0.0,1,-1.0
2300651,0.0,1,-1.0
2300670,0.0,1,-1.0
2300710,0.0,1,-1.0
2300726,0.0,1,-1.0
2300866,0.0,1,-1.0
2300946,0.0,1,-1.0
2300953,0.0,1,-1.0
2300954,0.0,1,-1.0
2300976,0.0,1,-1.0
2300997,0.0,1,-1.0
2301006,0.0,1,-1.0
2301015,0.84,0,84.0
2301021,0.0,1,-1.0
2301036,0.0,1,-1.0
2301041,0.0,1,-1.0
2301063,0.0,1,-1.0
2301066,0.0,1,-1.0
2301100,0.0,1,-1.0
2301145,0.0,1,-1.0
2301192,0.0,1,-1.0
2301258,0.0,1,-1.0
2301304,0.0,1,-1.0
2301330,0.0,1,-1.0
2301331,0.0,1,-1.0
2301337,0.0,1,-1.0
2301347,0.0,1,-1.0
2301358,0.0,1,-1.0
2301380,0.0,1,-1.0
2301423,0.0,1,-1.0
2301466,0.0,1,-1.0
2301471,0.0,1,-1.0
2301488,0.0,1,-1.0
2301550,0.0,1,-1.0
2301641,0.0,1,-1.0
2301661,0.0,1,-1.0
2301665,0.0,1,-1.0
2301667,0.0,1,-1.0
2301675,0.83,0,83.0
2301685,0.0,1,-1.0
2301760,0.0,1,-1.0
2301767,0.0,1,-1.0
2301797,0.0,1,-1.0
2301809,0.0,1,-1.0
2301820,0.0,1,-1.0
2301862,0.0,1,-1.0
2301868,0.0,1,-1.0
2301875,0.85,0,85.0
2301892,0.0,1,-1.0
2301906,0.0,1,-1.0
2301931,0.0,1,-1.0
2301990,0.0,1,-1.0
2302021,0.0,1,-1.0
2302029,0.0,1,-1.0
2302055,0.0,1,-1.0
2302073,0.0,1,-1.0
2302086,0.0,1,-1.0
2302117,0.0,1,-1.0
2302167,0.0,1,-1.0
2302198,0.88,0,88.0
2302199,0.0,1,-1.0
2302202,0.0,1,-1.0
2302217,0.0,1,-1.0
2302258,0.0,1,-1.0
2302263,0.0,1,-1.0
2302277,0.0,1,-1.0
2302325,0.0,1,-1.0
2302372,0.0,1,-1.0
2302391,0.0,1,-1.0
2302394,0.89,0,89.0
2302419,0.0,1,-1.0
2302459,0.0,1,-1.0
2302463,0.74,0,74.0
2302511,0.0,1,-1.0
2302522,0.0,1,-1.0
2302555,0.0,1,-1.0
2302587,0.0,1,-1.0
2302591,0.0,1,-1.0
2302601,0.0,1,-1.0
2302604,0.0,1,-1.0
2302657,0.0,1,-1.0
2302706,0.0,1,-1.0
2302776,0.0,1,-1.0
2302883,0.0,1,-1.0
2302911,0.0,1,-1.0
2302939,0.0,1,-1.0
2302959,0.0,1,-1.0
2302977,0.0,1,-1.0
2303019,0.0,1,-1.0
2303032,0.0,1,-1.0
2303061,0.0,1,-1.0
2303074,0.0,1,-1.0
2303100,0.0,1,-1.0
2303122,0.0,1,-1.0
2303144,0.0,1,-1.0
2303171,0.0,1,-1.0
2303180,0.0,1,-1.0
2303186,0.0,1,-1.0
2303193,0.0,1,-1.0
2303204,0.0,1,-1.0
2303258,0.0,1,-1.0
2303273,0.0,1,-1.0
2303280,0.0,1,-1.0
2303291,0.0,1,-1.0
2303314,0.0,1,-1.0
2303321,0.0,1,-1.0
2303328,0.0,1,-1.0
2303329,0.84,0,84.0
2303345,0.0,1,-1.0
2303363,0.0,1,-1.0
2303403,0.0,1,-1.0
2303421,0.0,1,-1.0
2303448,0.0,1,-1.0
2303464,0.0,1,-1.0
2303499,0.0,1,-1.0
2303504,0.0,1,-1.0
2303508,0.0,1,-1.0
2303516,0.0,1,-1.0
2303594,0.0,1,-1.0
2303601,0.0,1,-1.0
2303606,0.0,1,-1.0
2303608,0.0,1,-1.0
2303620,0.0,1,-1.0
2303647,0.0,1,-1.0
2303654,0.0,1,-1.0
2303717,0.0,1,-1.0
2303720,0.0,1,-1.0
2303765,0.0,1,-1.0
2303809,0.0,1,-1.0
2303818,0.0,1,-1.0
2303820,0.0,1,-1.0
2303845,0.0,1,-1.0
2303884,0.0,1,-1.0
2303900,0.0,1,-1.0
2303903,0.84,0,84.0
2303929,0.0,1,-1.0
2303987,0.0,1,-1.0
2303999,0.0,1,-1.0
2304000,0.0,1,-1.0
2304032,0.0,1,-1.0
2304063,1.0,0,100.0
2304086,0.0,1,-1.0
2304090,0.0,1,-1.0
2304103,0.0,1,-1.0
2304162,0.0,1,-1.0
2304167,0.0,1,-1.0
2304213,0.0,1,-1.0
2304214,0.0,1,-1.0
2304279,0.0,1,-1.0
2304308,0.0,1,-1.0
2304334,0.0,1,-1.0
2304345,0.0,1,-1.0
2304432,0.0,1,-1.0
2304454,0.82,0,82.0
2304457,0.0,1,-1.0
2304472,0.0,1,-1.0
2304550,0.0,1,-1.0
2304572,0.0,1,-1.0
2304595,0.0,1,-1.0
2304601,0.0,1,-1.0
2304611,0.0,1,-1.0
2304627,0.0,1,-1.0
2304633,0.0,1,-1.0
2304670,0.83,0,83.0
2304689,0.0,1,-1.0
2304700,0.0,1,-1.0
2304716,0.0,1,-1.0
2304719,0.0,1,-1.0
2304792,0.0,1,-1.0
2304793,0.0,1,-1.0
2304822,0.0,1,-1.0
2304838,0.0,1,-1.0
2304852,0.0,1,-1.0
2304855,0.0,1,-1.0
2304863,0.0,1,-1.0
2304894,0.0,1,-1.0
2304904,0.0,1,-1.0
2304952,0.0,1,-1.0
2304961,0.0,1,-1.0
2304963,0.0,1,-1.0
2304971,0.0,1,-1.0
2304989,0.0,1,-1.0
2304999,0.0,1,-1.0
2305011,0.0,1,-1.0
2305066,0.0,1,-1.0
2305090,0.0,1,-1.0
2305111,0.0,1,-1.0
2305129,0.0,1,-1.0
2305131,0.0,1,-1.0
2305168,0.0,1,-1.0
2305245,0.0,1,-1.0
2305248,0.0,1,-1.0
2305258,0.0,1,-1.0
2305263,0.0,1,-1.0
2305271,0.0,1,-1.0
2305276,0.0,1,-1.0
2305284,0.85,0,85.0
2305336,0.8,0,80.0
2305368,0.0,1,-1.0
2305372,0.0,1,-1.0
2305382,0.0,1,-1.0
2305413,0.0,1,-1.0
2305424,0.0,1,-1.0
2305450,0.0,1,-1.0
2305470,0.0,1,-1.0
2305494,0.0,1,-1.0
2305514,0.0,1,-1.0
2305546,0.0,1,-1.0
2305552,0.0,1,-1.0
2305557,0.0,1,-1.0
2305562,0.0,1,-1.0
2305573,0.0,1,-1.0
2305576,0.0,1,-1.0
2305579,0.0,1,-1.0
2305585,0.0,1,-1.0
2305610,0.0,1,-1.0
2305619,0.0,1,-1.0
2305627,0.0,1,-1.0
2305635,0.0,1,-1.0
2305637,0.0,1,-1.0
2305652,0.0,1,-1.0
2305657,0.0,1,-1.0
2305677,0.0,1,-1.0
2305698,0.0,1,-1.0
2305718,0.0,1,-1.0
2305761,0.0,1,-1.0
2305769,0.0,1,-1.0
2305789,0.0,1,-1.0
2305796,0.0,1,-1.0
2305800,0.0,1,-1.0
2305801,0.0,1,-1.0
2305833,0.0,1,-1.0
2305859,0.0,1,-1.0
2305874,0.0,1,-1.0
2305895,0.0,1,-1.0
2305929,0.0,1,-1.0
2305931,0.0,1,-1.0
2306006,0.0,1,-1.0
2306031,0.0,1,-1.0
2306036,0.0,1,-1.0
2306039,0.0,1,-1.0
2306077,0.0,1,-1.0
2306079,0.0,1,-1.0
2306127,0.0,1,-1.0
2306140,0.88,0,88.0
2306149,0.0,1,-1.0
2306174,0.0,1,-1.0
2306182,0.0,1,-1.0
2306210,0.0,1,-1.0
2306214,0.0,1,-1.0
2306215,1.0,0,100.0
2306226,0.0,1,-1.0
2306293,0.0,1,-1.0
2306325,0.0,1,-1.0
2306359,0.0,1,-1.0
2306451,0.0,1,-1.0
2306507,0.0,1,-1.0
2306508,0.0,1,-1.0
2306537,0.0,1,-1.0
2306538,0.0,1,-1.0
2306558,0.0,1,-1.0
2306560,0.0,1,-1.0
2306568,0.0,1,-1.0
2306586,0.0,1,-1.0
2306591,0.0,1,-1.0
2306620,0.0,1,-1.0
2306678,0.0,1,-1.0
2306682,0.0,1,-1.0
2306689,0.0,1,-1.0
2306713,0.0,1,-1.0
2306732,0.0,1,-1.0
2306738,0.0,1,-1.0
2306772,0.0,1,-1.0
2306776,0.0,1,-1.0
2306791,0.0,1,-1.0
2306795,0.0,1,-1.0
2306797,0.0,1,-1.0
2306850,0.0,1,-1.0
2306877,0.0,1,-1.0
2306887,0.0,1,-1.0
2306891,0.0,1,-1.0
2306892,0.0,1,-1.0
2306901,0.0,1,-1.0
2306902,0.0,1,-1.0
2306904,0.0,1,-1.0
2306920,0.0,1,-1.0
2307014,0.0,1,-1.0
2307042,0.0,1,-1.0
2307069,0.0,1,-1.0
2307094,0.0,1,-1.0
2307121,0.0,1,-1.0
2307139,0.0,1,-1.0
2307150,0.0,1,-1.0
2307193,0.0,1,-1.0
2307199,0.0,1,-1.0
2307224,0.0,1,-1.0
2307247,0.0,1,-1.0
2307256,0.0,1,-1.0
2307298,0.0,1,-1.0
2307302,0.0,1,-1.0
2307308,0.0,1,-1.0
2307326,0.0,1,-1.0
2307341,0.83,0,83.0
2307396,0.0,1,-1.0
2307399,0.0,1,-1.0
2307407,0.0,1,-1.0
2307416,0.0,1,-1.0
2307475,0.0,1,-1.0
2307480,0.0,1,-1.0
2307482,0.0,1,-1.0
2307512,0.0,1,-1.0
2307544,0.0,1,-1.0
2307578,0.0,1,-1.0
2307579,0.0,1,-1.0
2307658,0.0,1,-1.0
2307666,0.0,1,-1.0
2307683,0.0,1,-1.0
2307722,0.0,1,-1.0
2307729,0.0,1,-1.0
2307769,0.0,1,-1.0
2307857,0.0,1,-1.0
2307934,0.0,1,-1.0
2307964,0.0,1,-1.0
2307991,0.0,1,-1.0
2307996,0.0,1,-1.0
2308086,0.0,1,-1.0
2308106,0.0,1,-1.0
2308183,0.0,1,-1.0
2308203,0.0,1,-1.0
2308218,0.0,1,-1.0
2308240,0.0,1,-1.0
2308255,0.0,1,-1.0
2308259,0.0,1,-1.0
2308297,0.0,1,-1.0
2308310,0.0,1,-1.0
2308316,0.0,1,-1.0
2308335,0.0,1,-1.0
2308342,0.0,1,-1.0
2308362,0.0,1,-1.0
2308384,0.0,1,-1.0
2308401,0.0,1,-1.0
2308407,0.0,1,-1.0
2308456,0.0,1,-1.0
2308467,0.0,1,-1.0
2308490,0.0,1,-1.0
2308497,0.0,1,-1.0
2308502,0.0,1,-1.0
2308526,0.0,1,-1.0
2308531,0.0,1,-1.0
2308573,0.0,1,-1.0
2308600,0.0,1,-1.0
2308613,0.83,0,83.0
2308627,0.0,1,-1.0
2308649,0.0,1,-1.0
2308702,0.0,1,-1.0
2308729,0.0,1,-1.0
2308749,0.0,1,-1.0
2308751,0.0,1,-1.0
2308760,0.0,1,-1.0
2308787,0.0,1,-1.0
2308789,0.0,1,-1.0
2308795,0.0,1,-1.0
2308859,0.0,1,-1.0
2308866,0.0,1,-1.0
2308878,0.0,1,-1.0
2308887,0.0,1,-1.0
2308954,0.0,1,-1.0
2308970,0.0,1,-1.0
2308971,0.0,1,-1.0
2308978,0.0,1,-1.0
2308990,0.0,1,-1.0
2309025,0.0,1,-1.0
2309028,0.0,1,-1.0
2309043,0.0,1,-1.0
2309070,0.0,1,-1.0
2309084,0.0,1,-1.0
2309091,0.0,1,-1.0
2309099,0.0,1,-1.0
2309104,0.0,1,-1.0
2309115,0.0,1,-1.0
2309118,0.73,0,73.0
2309146,0.0,1,-1.0
2309147,0.0,1,-1.0
2309156,0.0,1,-1.0
2309158,0.0,1,-1.0
2309162,0.0,1,-1.0
2309172,0.0,1,-1.0
2309225,0.0,1,-1.0
2309250,0.0,1,-1.0
2309293,0.0,1,-1.0
2309298,0.0,1,-1.0
2309359,0.0,1,-1.0
2309360,0.0,1,-1.0
2309379,0.0,1,-1.0
2309383,0.0,1,-1.0
2309417,0.0,1,-1.0
2309483,0.83,0,83.0
2309499,0.0,1,-1.0
2309501,0.0,1,-1.0
2309536,0.0,1,-1.0
2309539,0.0,1,-1.0
2309597,0.0,1,-1.0
2309608,0.0,1,-1.0
2309624,0.0,1,-1.0
2309628,0.0,1,-1.0
2309631,0.0,1,-1.0
2309648,0.0,1,-1.0
2309663,0.75,0,75.0
2309689,0.0,1,-1.0
2309731,0.0,1,-1.0
2309733,0.0,1,-1.0
2309768,0.0,1,-1.0
2309779,0.0,1,-1.0
2309789,0.92,0,92.0
2309801,0.0,1,-1.0
2309821,0.0,1,-1.0
2309837,0.0,1,-1.0
2309853,0.0,1,-1.0
2309887,0.0,1,-1.0
2309891,0.0,1,-1.0
2309914,0.0,1,-1.0
2309953,0.0,1,-1.0
2309972,0.0,1,-1.0
2309996,0.0,1,-1.0
2310031,0.0,1,-1.0
2310054,0.0,1,-1.0
2310064,0.0,1,-1.0
2310124,0.0,1,-1.0
2310185,0.0,1,-1.0
2310221,0.0,1,-1.0
2310235,0.0,1,-1.0
2310306,0.0,1,-1.0
2310308,0.0,1,-1.0
2310352,0.0,1,-1.0
2310383,0.0,1,-1.0
2310392,0.0,1,-1.0
2310408,0.0,1,-1.0
2310478,0.0,1,-1.0
2310484,0.0,1,-1.0
2310495,0.0,1,-1.0
2310499,0.0,1,-1.0
2310521,0.0,1,-1.0
2310529,0.0,1,-1.0
2310578,0.0,1,-1.0
2310608,0.0,1,-1.0
2310621,0.0,1,-1.0
2310625,0.0,1,-1.0
2310658,0.0,1,-1.0
2310666,0.0,1,-1.0
2310668,0.0,1,-1.0
2310736,0.0,1,-1.0
2310756,0.0,1,-1.0
2310758,0.0,1,-1.0
2310786,0.0,1,-1.0
2310790,0.0,1,-1.0
2310811,0.0,1,-1.0
2310826,0.0,1,-1.0
2310874,0.0,1,-1.0
2310875,0.0,1,-1.0
2310901,0.0,1,-1.0
2310914,0.0,1,-1.0
2310928,0.0,1,-1.0
2310933,0.0,1,-1.0
2310963,0.0,1,-1.0
2311032,0.0,1,-1.0
2311043,0.0,1,-1.0
2311048,0.0,1,-1.0
2311066,0.0,1,-1.0
2311071,0.0,1,-1.0
2311098,0.0,1,-1.0
2311146,0.0,1,-1.0
2311150,0.0,1,-1.0
2311156,0.0,1,-1.0
2311165,0.0,1,-1.0
2311166,0.0,1,-1.0
2311193,0.0,1,-1.0
2311245,0.0,1,-1.0
2311253,0.0,1,-1.0
2311268,0.0,1,-1.0
2311291,0.0,1,-1.0
2311297,0.0,1,-1.0
2311366,0.0,1,-1.0
2311374,0.0,1,-1.0
2311380,0.0,1,-1.0
2311383,0.92,0,92.0
2311404,0.0,1,-1.0
2311421,0.0,1,-1.0
2311429,0.0,1,-1.0
2311436,0.0,1,-1.0
2311527,0.0,1,-1.0
2311532,0.0,1,-1.0
2311554,0.0,1,-1.0
2311561,0.0,1,-1.0
2311566,0.0,1,-1.0
2311612,0.0,1,-1.0
2311620,0.0,1,-1.0
2311636,0.0,1,-1.0
2311638,0.0,1,-1.0
2311642,0.0,1,-1.0
2311654,0.0,1,-1.0
2311657,0.0,1,-1.0
2311672,0.0,1,-1.0
2311709,0.0,1,-1.0
2311730,0.0,1,-1.0
2311738,0.0,1,-1.0
2311742,0.0,1,-1.0
2311760,0.0,1,-1.0
2311766,0.0,1,-1.0
2311797,0.0,1,-1.0
2311808,0.0,1,-1.0
2311835,0.0,1,-1.0
2311849,0.0,1,-1.0
2311859,0.0,1,-1.0
2311861,0.0,1,-1.0
2311877,0.0,1,-1.0
2311884,0.0,1,-1.0
2311898,0.0,1,-1.0
2311912,0.0,1,-1.0
2311975,0.85,0,85.0
2312051,0.0,1,-1.0
2312056,0.93,0,93.0
2312067,0.85,0,85.0
2312130,0.0,1,-1.0
2312194,0.0,1,-1.0
2312201,0.0,1,-1.0
2312253,0.0,1,-1.0
2312277,0.0,1,-1.0
2312291,0.0,1,-1.0
2312318,0.0,1,-1.0
2312364,0.0,1,-1.0
2312446,0.0,1,-1.0
2312448,0.0,1,-1.0
2312455,0.0,1,-1.0
2312542,0.0,1,-1.0
2312569,0.0,1,-1.0
2312582,0.0,1,-1.0
2312595,0.0,1,-1.0
2312603,0.0,1,-1.0
2312610,0.0,1,-1.0
2312630,0.0,1,-1.0
2312632,0.0,1,-1.0
2312649,0.0,1,-1.0
2312680,0.0,1,-1.0
2312708,0.0,1,-1.0
2312717,0.0,1,-1.0
2312800,0.0,1,-1.0
2312810,0.0,1,-1.0
2312826,0.0,1,-1.0
2312835,0.0,1,-1.0
2312848,0.0,1,-1.0
2312952,0.0,1,-1.0
2312962,0.0,1,-1.0
2313010,0.0,1,-1.0
2313015,0.0,1,-1.0
2313051,0.0,1,-1.0
2313059,0.0,1,-1.0
2313061,0.0,1,-1.0
2313070,0.0,1,-1.0
2313118,0.0,1,-1.0
2313138,0.0,1,-1.0
2313158,0.0,1,-1.0
2313166,0.0,1,-1.0
2313173,0.0,1,-1.0
2313192,0.0,1,-1.0
2313216,0.0,1,-1.0
2313223,0.84,0,84.0
2313235,0.0,1,-1.0
2313238,0.0,1,-1.0
2313254,0.0,1,-1.0
2313311,0.0,1,-1.0
2313322,0.0,1,-1.0
2313324,0.0,1,-1.0
2313369,0.0,1,-1.0
2313390,0.0,1,-1.0
2313401,0.0,1,-1.0
2313430,0.0,1,-1.0
2313491,0.0,1,-1.0
2313500,0.0,1,-1.0
2313510,0.0,1,-1.0
2313539,0.0,1,-1.0
2313547,0.0,1,-1.0
2313565,0.0,1,-1.0
2313596,0.0,1,-1.0
2313664,0.0,1,-1.0
2313668,0.0,1,-1.0
2313673,0.0,1,-1.0
2313714,0.0,1,-1.0
2313802,0.0,1,-1.0
2313840,0.0,1,-1.0
2313843,0.0,1,-1.0
2313844,0.0,1,-1.0
2313855,0.0,1,-1.0
2313998,0.0,1,-1.0
2314032,0.0,1,-1.0
2314036,0.0,1,-1.0
2314052,0.0,1,-1.0
2314060,0.0,1,-1.0
2314154,0.0,1,-1.0
2314159,0.78,0,78.0
2314189,0.0,1,-1.0
2314196,0.0,1,-1.0
2314206,0.0,1,-1.0
2314243,0.0,1,-1.0
2314246,0.0,1,-1.0
2314273,0.0,1,-1.0
2314279,0.0,1,-1.0
2314305,0.0,1,-1.0
2314317,0.0,1,-1.0
2314333,0.0,1,-1.0
2314344,0.0,1,-1.0
2314376,0.0,1,-1.0
2314420,0.0,1,-1.0
2314442,0.0,1,-1.0
2314483,0.0,1,-1.0
2314495,0.0,1,-1.0
2314500,0.0,1,-1.0
2314553,0.0,1,-1.0
2314561,0.0,1,-1.0
2314639,0.0,1,-1.0
2314655,0.0,1,-1.0
2314664,0.0,1,-1.0
2314676,0.0,1,-1.0
2314685,0.0,1,-1.0
2314739,0.0,1,-1.0
2314756,0.0,1,-1.0
2314772,0.0,1,-1.0
2314777,0.0,1,-1.0
2314791,0.0,1,-1.0
2314801,0.0,1,-1.0
2314829,0.0,1,-1.0
2314856,0.0,1,-1.0
2314902,0.0,1,-1.0
2315082,0.0,1,-1.0
2315093,0.0,1,-1.0
2315096,0.0,1,-1.0
2315103,0.79,0,79.0
2315123,0.0,1,-1.0
2315130,0.0,1,-1.0
2315147,0.0,1,-1.0
2315167,0.0,1,-1.0
2315203,0.0,1,-1.0
2315205,0.0,1,-1.0
2315227,0.0,1,-1.0
2315244,0.0,1,-1.0
2315260,0.0,1,-1.0
2315273,0.0,1,-1.0
2315275,0.0,1,-1.0
2315288,0.0,1,-1.0
2315318,0.0,1,-1.0
2315324,0.0,1,-1.0
2315359,0.0,1,-1.0
2315378,0.0,1,-1.0
2315444,0.0,1,-1.0
2315456,0.0,1,-1.0
2315482,0.0,1,-1.0
2315518,0.0,1,-1.0
2315546,0.0,1,-1.0
2315599,0.0,1,-1.0
2315675,0.0,1,-1.0
2315686,0.0,1,-1.0
2315698,0.0,1,-1.0
2315701,0.0,1,-1.0
2315707,0.0,1,-1.0
2315710,0.0,1,-1.0
2315761,0.0,1,-1.0
2315811,0.0,1,-1.0
2315823,0.0,1,-1.0
2315829,0.0,1,-1.0
2315832,0.0,1,-1.0
2315847,0.0,1,-1.0
2315886,0.0,1,-1.0
2315923,0.0,1,-1.0
2315932,0.86,0,86.0
2316011,0.0,1,-1.0
2316029,0.0,1,-1.0
2316032,0.0,1,-1.0
2316066,0.0,1,-1.0
2316067,0.0,1,-1.0
2316085,0.0,1,-1.0
2316128,0.0,1,-1.0
2316138,0.0,1,-1.0
2316153,0.0,1,-1.0
2316155,0.0,1,-1.0
2316190,0.0,1,-1.0
2316245,0.9,0,90.0
2316274,0.0,1,-1.0
2316287,0.0,1,-1.0
2316332,0.0,1,-1.0
2316333,0.0,1,-1.0
2316350,0.0,1,-1.0
2316392,0.0,1,-1.0
2316408,0.0,1,-1.0
2316432,0.0,1,-1.0
2316437,0.0,1,-1.0
2316445,0.0,1,-1.0
2316464,0.0,1,-1.0
2316505,0.73,0,73.0
2316515,0.88,0,88.0
2316523,0.0,1,-1.0
2316536,0.0,1,-1.0
2316555,0.0,1,-1.0
2316576,0.0,1,-1.0
2316621,0.0,1,-1.0
2316673,0.0,1,-1.0
2316700,0.0,1,-1.0
2316726,0.0,1,-1.0
2316762,0.0,1,-1.0
2316822,0.0,1,-1.0
2316838,0.0,1,-1.0
2316841,0.0,1,-1.0
2316856,0.0,1,-1.0
2316868,0.0,1,-1.0
2316894,0.87,0,87.0
2316915,0.0,1,-1.0
2316930,0.8,0,80.0
2316938,0.0,1,-1.0
2316982,0.0,1,-1.0
2316990,0.0,1,-1.0
2316992,0.0,1,-1.0
2316998,0.0,1,-1.0
2317021,0.87,0,87.0
2317066,0.84,0,84.0
2317068,0.0,1,-1.0
2317131,0.0,1,-1.0
2317144,0.0,1,-1.0
2317170,0.0,1,-1.0
2317208,0.0,1,-1.0
2317236,0.0,1,-1.0
2317240,0.0,1,-1.0
2317241,0.0,1,-1.0
2317249,0.0,1,-1.0
2317254,0.0,1,-1.0
2317312,0.0,1,-1.0
2317313,0.0,1,-1.0
2317352,0.0,1,-1.0
2317353,0.0,1,-1.0
2317383,0.0,1,-1.0
2317405,0.0,1,-1.0
2317406,0.0,1,-1.0
2317457,0.0,1,-1.0
2317459,0.0,1,-1.0
2317466,0.0,1,-1.0
2317471,0.0,1,-1.0
2317473,0.82,0,82.0
2317516,0.0,1,-1.0
2317570,0.0,1,-1.0
2317603,0.0,1,-1.0
2317612,0.0,1,-1.0
2317621,0.0,1,-1.0
2317627,0.0,1,-1.0
2317629,0.0,1,-1.0
2317630,0.0,1,-1.0
2317649,0.0,1,-1.0
2317676,0.83,0,83.0
2317712,0.0,1,-1.0
2317727,0.0,1,-1.0
2317751,0.0,1,-1.0
2317783,0.0,1,-1.0
2317804,0.0,1,-1.0
2317832,0.0,1,-1.0
2317834,0.0,1,-1.0
2317964,0.0,1,-1.0
2317987,0.0,1,-1.0
2318000,0.0,1,-1.0
2318006,0.0,1,-1.0
2318011,0.0,1,-1.0
2318024,0.0,1,-1.0
2318056,0.0,1,-1.0
2318169,0.0,1,-1.0
2318185,0.0,1,-1.0
2318197,0.0,1,-1.0
2318199,0.0,1,-1.0
2318209,0.0,1,-1.0
2318215,0.0,1,-1.0
2318285,0.0,1,-1.0
2318292,0.0,1,-1.0
2318352,0.0,1,-1.0
2318362,0.0,1,-1.0
2318411,0.0,1,-1.0
2318413,0.0,1,-1.0
2318419,0.0,1,-1.0
2318450,0.0,1,-1.0
2318571,0.0,1,-1.0
2318572,0.0,1,-1.0
2318584,0.0,1,-1.0
2318627,0.0,1,-1.0
2318666,0.0,1,-1.0
2318714,0.87,0,87.0
2318719,0.0,1,-1.0
2318731,0.0,1,-1.0
2318768,0.0,1,-1.0
2318769,0.0,1,-1.0
2318818,0.0,1,-1.0
2318835,0.0,1,-1.0
2318878,0.0,1,-1.0
2318900,0.0,1,-1.0
2318937,0.0,1,-1.0
2318967,0.0,1,-1.0
2318987,0.0,1,-1.0
2319029,0.0,1,-1.0
2319062,0.0,1,-1.0
2319067,0.0,1,-1.0
2319090,0.0,1,-1.0
2319202,0.0,1,-1.0
2319208,0.0,1,-1.0
2319250,0.0,1,-1.0
2319253,0.75,0,75.0
2319330,0.0,1,-1.0
2319352,0.0,1,-1.0
2319373,0.0,1,-1.0
2319379,0.0,1,-1.0
2319414,0.0,1,-1.0
2319452,0.0,1,-1.0
2319462,0.0,1,-1.0
2319467,0.0,1,-1.0
2319471,0.0,1,-1.0
2319486,0.0,1,-1.0
2319504,0.9,0,90.0
2319516,0.0,1,-1.0
2319549,0.0,1,-1.0
2319563,0.0,1,-1.0
2319580,0.0,1,-1.0
2319647,0.0,1,-1.0
2319648,0.85,0,85.0
2319661,0.0,1,-1.0
2319688,0.0,1,-1.0
2319699,0.0,1,-1.0
2319704,0.0,1,-1.0
2319817,0.0,1,-1.0
2319906,0.0,1,-1.0
2319933,0.0,1,-1.0
2319938,0.0,1,-1.0
2319951,0.0,1,-1.0
2319964,0.0,1,-1.0
2319970,0.0,1,-1.0
2319972,0.0,1,-1.0
2320029,0.0,1,-1.0
2320037,0.0,1,-1.0
2320044,0.0,1,-1.0
2320054,0.0,1,-1.0
2320076,0.0,1,-1.0
2320110,0.0,1,-1.0
2320120,0.0,1,-1.0
2320145,0.0,1,-1.0
2320170,0.0,1,-1.0
2320174,0.0,1,-1.0
2320228,0.0,1,-1.0
2320251,0.0,1,-1.0
2320278,0.0,1,-1.0
2320292,0.0,1,-1.0
2320303,0.0,1,-1.0
2320304,0.0,1,-1.0
2320323,0.0,1,-1.0
2320337,0.0,1,-1.0
2320458,0.0,1,-1.0
2320468,0.0,1,-1.0
2320481,0.0,1,-1.0
2320505,0.0,1,-1.0
2320518,0.0,1,-1.0
2320519,0.89,0,89.0
2320520,0.0,1,-1.0
2320529,0.0,1,-1.0
2320542,0.0,1,-1.0
2320566,0.0,1,-1.0
2320618,0.0,1,-1.0
2320628,0.0,1,-1.0
2320647,0.0,1,-1.0
2320736,0.0,1,-1.0
2320765,0.0,1,-1.0
2320767,0.0,1,-1.0
2320785,0.0,1,-1.0
2320811,0.0,1,-1.0
2320861,0.0,1,-1.0
2320882,0.0,1,-1.0
2320913,0.0,1,-1.0
2320937,0.0,1,-1.0
2320973,0.0,1,-1.0
2320977,0.0,1,-1.0
2320978,0.0,1,-1.0
2320995,0.83,0,83.0
2321018,0.0,1,-1.0
2321078,0.0,1,-1.0
2321130,0.0,1,-1.0
2321167,0.0,1,-1.0
2321228,0.0,1,-1.0
2321291,0.0,1,-1.0
2321300,0.0,1,-1.0
2321322,0.0,1,-1.0
2321325,0.0,1,-1.0
2321339,0.0,1,-1.0
2321346,0.0,1,-1.0
2321348,0.0,1,-1.0
2321445,0.0,1,-1.0
2321447,0.0,1,-1.0
2321448,0.0,1,-1.0
2321471,0.0,1,-1.0
2321517,0.0,1,-1.0
2321543,0.0,1,-1.0
2321551,0.0,1,-1.0
2321560,0.0,1,-1.0
2321565,0.0,1,-1.0
2321573,0.0,1,-1.0
2321599,0.0,1,-1.0
2321600,0.0,1,-1.0
2321610,0.0,1,-1.0
2321635,0.0,1,-1.0
2321643,0.0,1,-1.0
2321645,0.0,1,-1.0
2321666,0.0,1,-1.0
2321668,0.0,1,-1.0
2321671,0.95,0,95.0
2321694,0.0,1,-1.0
2321712,0.0,1,-1.0
2321718,0.75,0,75.0
2321729,0.0,1,-1.0
2321762,0.0,1,-1.0
2321771,0.0,1,-1.0
2321778,0.0,1,-1.0
2321816,0.0,1,-1.0
2321818,0.0,1,-1.0
2321839,0.0,1,-1.0
2321863,0.0,1,-1.0
2321873,0.86,0,86.0
2321893,0.0,1,-1.0
2321897,0.0,1,-1.0
2321927,0.0,1,-1.0
2321973,0.0,1,-1.0
2321979,0.0,1,-1.0
2322002,0.0,1,-1.0
2322034,0.84,0,84.0
2322053,0.0,1,-1.0
2322061,0.0,1,-1.0
2322063,0.0,1,-1.0
2322069,0.0,1,-1.0
2322078,0.0,1,-1.0
2322108,0.0,1,-1.0
2322269,0.0,1,-1.0
2322270,0.0,1,-1.0
2322311,0.0,1,-1.0
2322352,0.0,1,-1.0
2322360,0.0,1,-1.0
2322365,0.0,1,-1.0
2322390,0.0,1,-1.0
2322395,0.82,0,82.0
2322415,0.0,1,-1.0
2322445,0.0,1,-1.0
2322509,0.0,1,-1.0
2322527,0.0,1,-1.0
2322539,0.0,1,-1.0
2322559,0.0,1,-1.0
2322578,0.0,1,-1.0
2322679,0.0,1,-1.0
2322690,0.0,1,-1.0
2322692,0.0,1,-1.0
2322727,0.0,1,-1.0
2322788,0.0,1,-1.0
2322803,0.0,1,-1.0
2322857,0.0,1,-1.0
2322868,0.0,1,-1.0
2322879,0.0,1,-1.0
2322884,0.83,0,83.0
2322890,0.0,1,-1.0
2322925,0.0,1,-1.0
2322926,0.0,1,-1.0
2322930,0.0,1,-1.0
2322939,0.0,1,-1.0
2322946,0.0,1,-1.0
2322967,0.0,1,-1.0
2323000,0.0,1,-1.0
2323003,0.81,0,81.0
2323046,0.0,1,-1.0
2323053,0.0,1,-1.0
2323092,0.0,1,-1.0
2323096,0.0,1,-1.0
2323123,0.0,1,-1.0
2323163,0.0,1,-1.0
2323204,0.0,1,-1.0
2323205,0.0,1,-1.0
2323215,0.0,1,-1.0
2323229,0.0,1,-1.0
2323231,0.0,1,-1.0
2323300,0.0,1,-1.0
2323305,0.0,1,-1.0
2323318,0.0,1,-1.0
2323330,0.0,1,-1.0
2323388,0.0,1,-1.0
2323389,0.0,1,-1.0
2323458,0.0,1,-1.0
2323467,0.0,1,-1.0
2323474,0.0,1,-1.0
2323482,0.0,1,-1.0
2323491,0.0,1,-1.0
2323653,0.0,1,-1.0
2323774,0.0,1,-1.0
2323801,0.0,1,-1.0
2323815,0.0,1,-1.0
2323818,0.0,1,-1.0
2323841,0.0,1,-1.0
2323883,0.0,1,-1.0
2323890,0.0,1,-1.0
2323918,0.0,1,-1.0
2323932,0.0,1,-1.0
2323956,0.0,1,-1.0
2323959,0.0,1,-1.0
2324012,0.0,1,-1.0
2324019,0.0,1,-1.0
2324029,0.0,1,-1.0
2324052,0.0,1,-1.0
2324058,0.0,1,-1.0
2324059,0.0,1,-1.0
2324061,0.0,1,-1.0
2324064,0.0,1,-1.0
2324076,0.0,1,-1.0
2324081,0.0,1,-1.0
2324091,0.0,1,-1.0
2324099,0.0,1,-1.0
2324119,0.0,1,-1.0
2324125,0.0,1,-1.0
2324165,0.0,1,-1.0
2324209,0.0,1,-1.0
2324231,0.0,1,-1.0
2324239,0.0,1,-1.0
2324247,0.0,1,-1.0
2324257,0.0,1,-1.0
2324260,0.0,1,-1.0
2324267,0.0,1,-1.0
2324303,0.0,1,-1.0
2324341,0.0,1,-1.0
2324360,0.0,1,-1.0
2324365,0.0,1,-1.0
2324372,0.0,1,-1.0
2324376,0.0,1,-1.0
2324380,0.0,1,-1.0
2324392,0.85,0,85.0
2324420,0.0,1,-1.0
2324423,0.0,1,-1.0
2324429,0.0,1,-1.0
2324433,0.0,1,-1.0
2324476,0.0,1,-1.0
2324493,0.0,1,-1.0
2324499,0.0,1,-1.0
2324509,0.0,1,-1.0
2324527,0.0,1,-1.0
2324557,0.0,1,-1.0
2324562,0.0,1,-1.0
2324570,0.0,1,-1.0
2324574,0.0,1,-1.0
2324596,0.0,1,-1.0
2324625,0.0,1,-1.0
2324715,0.0,1,-1.0
2324763,0.0,1,-1.0
2324779,0.0,1,-1.0
2324784,0.0,1,-1.0
2324785,0.0,1,-1.0
2324802,0.0,1,-1.0
2324811,0.0,1,-1.0
2324832,0.0,1,-1.0
2324835,0.0,1,-1.0
2324843,0.0,1,-1.0
2324886,0.0,1,-1.0
2324894,0.0,1,-1.0
2324897,0.0,1,-1.0
2324933,0.0,1,-1.0
2324953,0.0,1,-1.0
2325002,0.0,1,-1.0
2325064,0.0,1,-1.0
2325065,0.0,1,-1.0
2325071,0.0,1,-1.0
2325077,0.0,1,-1.0
2325082,0.0,1,-1.0
2325110,0.0,1,-1.0
2325112,0.0,1,-1.0
2325143,0.0,1,-1.0
2325149,0.0,1,-1.0
2325156,0.0,1,-1.0
2325188,0.0,1,-1.0
2325235,0.0,1,-1.0
2325329,0.0,1,-1.0
2325334,0.0,1,-1.0
2325344,0.0,1,-1.0
2325371,0.0,1,-1.0
2325379,0.0,1,-1.0
2325380,0.0,1,-1.0
2325382,0.0,1,-1.0
2325389,0.0,1,-1.0
2325397,0.0,1,-1.0
2325416,0.0,1,-1.0
2325427,0.0,1,-1.0
2325428,0.88,0,88.0
2325431,0.0,1,-1.0
2325434,0.0,1,-1.0
2325495,0.0,1,-1.0
2325504,0.0,1,-1.0
2325544,0.0,1,-1.0
2325549,0.0,1,-1.0
2325552,0.0,1,-1.0
2325571,0.0,1,-1.0
2325579,0.0,1,-1.0
2325606,0.0,1,-1.0
2325622,0.0,1,-1.0
2325626,0.0,1,-1.0
2325674,0.0,1,-1.0
2325677,0.99,0,99.0
2325686,0.0,1,-1.0
2325716,0.0,1,-1.0
2325751,0.89,0,89.0
2325767,0.0,1,-1.0
2325795,0.0,1,-1.0
2325817,0.0,1,-1.0
2325867,0.0,1,-1.0
2325883,0.0,1,-1.0
2325896,0.0,1,-1.0
2325908,0.0,1,-1.0
2325916,0.0,1,-1.0
2325929,0.0,1,-1.0
2325957,0.0,1,-1.0
2325991,0.0,1,-1.0
2326015,0.0,1,-1.0
2326023,0.0,1,-1.0
2326027,0.94,0,94.0
2326037,0.0,1,-1.0
2326047,0.0,1,-1.0
2326053,0.0,1,-1.0
2326057,0.0,1,-1.0
2326067,0.0,1,-1.0
2326084,0.0,1,-1.0
2326093,0.0,1,-1.0
2326167,0.0,1,-1.0
2326182,0.0,1,-1.0
2326193,0.0,1,-1.0
2326226,0.0,1,-1.0
2326235,0.0,1,-1.0
2326253,0.0,1,-1.0
2326286,0.0,1,-1.0
2326302,0.0,1,-1.0
2326321,0.0,1,-1.0
2326349,0.0,1,-1.0
2326373,0.0,1,-1.0
2326384,0.0,1,-1.0
2326439,0.0,1,-1.0
2326482,0.0,1,-1.0
2326519,0.0,1,-1.0
2326542,0.0,1,-1.0
2326569,0.0,1,-1.0
2326664,0.0,1,-1.0
2326672,0.0,1,-1.0
2326744,0.0,1,-1.0
2326777,0.0,1,-1.0
2326804,0.0,1,-1.0
2326805,0.0,1,-1.0
2326818,0.0,1,-1.0
2326863,0.0,1,-1.0
2326878,0.0,1,-1.0
2326912,0.0,1,-1.0
2326946,0.0,1,-1.0
2326949,0.0,1,-1.0
2326969,0.0,1,-1.0
2326981,0.0,1,-1.0
2326982,0.0,1,-1.0
2326990,0.0,1,-1.0
2326997,0.0,1,-1.0
2327019,0.0,1,-1.0
2327023,0.0,1,-1.0
2327030,0.78,0,78.0
2327068,0.0,1,-1.0
2327072,0.0,1,-1.0
2327073,0.0,1,-1.0
2327184,0.0,1,-1.0
2327207,0.0,1,-1.0
2327238,0.93,0,93.0
2327245,0.0,1,-1.0
2327255,0.0,1,-1.0
2327284,0.0,1,-1.0
2327298,0.0,1,-1.0
2327348,0.0,1,-1.0
2327371,0.0,1,-1.0
2327386,0.0,1,-1.0
2327474,0.0,1,-1.0
2327533,0.0,1,-1.0
2327555,0.0,1,-1.0
2327591,0.0,1,-1.0
2327620,0.0,1,-1.0
2327640,0.0,1,-1.0
2327642,0.0,1,-1.0
2327651,0.0,1,-1.0
2327692,0.0,1,-1.0
2327696,0.0,1,-1.0
2327707,0.0,1,-1.0
2327726,0.0,1,-1.0
2327728,0.0,1,-1.0
2327744,0.0,1,-1.0
2327746,0.0,1,-1.0
2327799,0.0,1,-1.0
2327823,0.0,1,-1.0
2327828,0.0,1,-1.0
2327832,0.0,1,-1.0
2327836,0.0,1,-1.0
2327842,0.0,1,-1.0
2327853,0.85,0,85.0
2327872,0.0,1,-1.0
2327888,0.0,1,-1.0
2327889,0.0,1,-1.0
2327890,0.94,0,94.0
2327896,0.0,1,-1.0
2327903,0.0,1,-1.0
2327914,0.0,1,-1.0
2327916,0.0,1,-1.0
2327921,0.0,1,-1.0
2327930,0.0,1,-1.0
2327937,0.0,1,-1.0
2327939,0.0,1,-1.0
2327974,0.0,1,-1.0
2327985,0.0,1,-1.0
2327991,0.0,1,-1.0
2328010,0.0,1,-1.0
2328024,0.0,1,-1.0
2328034,0.0,1,-1.0
2328054,0.0,1,-1.0
2328062,0.0,1,-1.0
2328070,0.0,1,-1.0
2328112,0.0,1,-1.0
2328113,0.0,1,-1.0
2328142,0.0,1,-1.0
2328175,0.0,1,-1.0
2328201,0.0,1,-1.0
2328217,0.0,1,-1.0
2328229,0.85,0,85.0
2328230,0.0,1,-1.0
2328249,0.0,1,-1.0
2328250,0.0,1,-1.0
2328267,0.0,1,-1.0
2328332,0.0,1,-1.0
2328366,0.0,1,-1.0
2328391,0.0,1,-1.0
2328466,0.0,1,-1.0
2328486,0.0,1,-1.0
2328518,0.0,1,-1.0
2328536,0.0,1,-1.0
2328581,0.0,1,-1.0
2328607,0.0,1,-1.0
2328624,0.0,1,-1.0
2328634,0.0,1,-1.0
2328651,0.0,1,-1.0
2328664,0.0,1,-1.0
2328671,0.0,1,-1.0
2328676,0.0,1,-1.0
2328745,0.0,1,-1.0
2328823,0.0,1,-1.0
2328861,0.0,1,-1.0
2328873,0.0,1,-1.0
2328910,0.0,1,-1.0
2328916,0.0,1,-1.0
2328931,0.0,1,-1.0
2328934,0.0,1,-1.0
2328935,0.0,1,-1.0
2328949,0.0,1,-1.0
2328972,0.0,1,-1.0
2328995,0.0,1,-1.0
2329025,0.0,1,-1.0
2329031,0.0,1,-1.0
2329041,0.92,0,92.0
2329048,0.0,1,-1.0
2329053,0.0,1,-1.0
2329070,0.0,1,-1.0
2329094,0.0,1,-1.0
2329101,0.0,1,-1.0
2329109,0.0,1,-1.0
2329127,0.0,1,-1.0
2329160,0.0,1,-1.0
2329162,0.79,0,79.0
2329173,0.0,1,-1.0
2329178,0.0,1,-1.0
2329211,0.0,1,-1.0
2329234,0.0,1,-1.0
2329239,0.0,1,-1.0
2329269,0.0,1,-1.0
2329298,0.0,1,-1.0
2329304,0.0,1,-1.0
2329331,0.0,1,-1.0
2329333,0.0,1,-1.0
2329360,0.0,1,-1.0
2329372,0.0,1,-1.0
2329389,0.0,1,-1.0
2329392,0.0,1,-1.0
2329396,0.0,1,-1.0
2329416,0.0,1,-1.0
2329419,0.0,1,-1.0
2329471,0.0,1,-1.0
2329478,0.0,1,-1.0
2329486,0.0,1,-1.0
2329488,0.0,1,-1.0
2329528,0.0,1,-1.0
2329535,0.0,1,-1.0
2329565,0.0,1,-1.0
2329572,0.0,1,-1.0
2329574,0.0,1,-1.0
2329579,0.0,1,-1.0
2329586,0.0,1,-1.0
2329600,0.0,1,-1.0
2329603,0.0,1,-1.0
2329604,0.0,1,-1.0
2329609,0.0,1,-1.0
2329616,0.0,1,-1.0
2329619,0.0,1,-1.0
2329629,0.0,1,-1.0
2329635,0.0,1,-1.0
2329651,0.0,1,-1.0
2329669,0.0,1,-1.0
2329702,0.0,1,-1.0
2329714,0.0,1,-1.0
2329729,0.0,1,-1.0
2329731,0.85,0,85.0
2329734,0.0,1,-1.0
2329769,0.0,1,-1.0
2329779,0.0,1,-1.0
2329785,0.0,1,-1.0
2329804,0.0,1,-1.0
2329807,0.0,1,-1.0
2329808,0.0,1,-1.0
2329857,0.0,1,-1.0
2329877,0.0,1,-1.0
2329898,0.0,1,-1.0
2329913,0.0,1,-1.0
2329933,0.0,1,-1.0
2329942,0.0,1,-1.0
2329953,0.0,1,-1.0
2329973,0.0,1,-1.0
2329995,0.87,0,87.0
2329996,0.0,1,-1.0
2330029,0.0,1,-1.0
2330033,0.0,1,-1.0
2330037,0.0,1,-1.0
2330042,0.0,1,-1.0
2330073,0.0,1,-1.0
2330078,0.86,0,86.0
2330090,0.0,1,-1.0
2330094,0.0,1,-1.0
2330100,0.0,1,-1.0
2330105,0.0,1,-1.0
2330112,0.0,1,-1.0
2330119,0.0,1,-1.0
2330128,0.0,1,-1.0
2330137,0.0,1,-1.0
2330158,0.0,1,-1.0
2330159,0.0,1,-1.0
2330174,0.0,1,-1.0
2330211,0.0,1,-1.0
2330212,0.0,1,-1.0
2330227,0.0,1,-1.0
2330234,0.0,1,-1.0
2330246,0.0,1,-1.0
2330247,0.0,1,-1.0
2330266,0.0,1,-1.0
2330281,0.0,1,-1.0
2330318,0.0,1,-1.0
2330325,0.0,1,-1.0
2330343,0.0,1,-1.0
2330348,0.0,1,-1.0
2330357,0.0,1,-1.0
2330379,0.0,1,-1.0
2330392,0.0,1,-1.0
2330482,0.0,1,-1.0
2330489,0.96,0,96.0
2330504,0.0,1,-1.0
2330582,0.0,1,-1.0
2330605,0.85,0,85.0
2330668,0.0,1,-1.0
2330686,0.0,1,-1.0
2330698,0.0,1,-1.0
2330701,0.0,1,-1.0
2330719,0.0,1,-1.0
2330720,0.0,1,-1.0
2330734,0.0,1,-1.0
2330737,0.0,1,-1.0
2330772,0.0,1,-1.0
2330773,0.0,1,-1.0
2330800,0.0,1,-1.0
2330803,0.0,1,-1.0
2330823,0.0,1,-1.0
2330826,0.0,1,-1.0
2330843,0.0,1,-1.0
2330857,0.0,1,-1.0
2330896,0.0,1,-1.0
2330940,0.0,1,-1.0
2330967,0.0,1,-1.0
2330974,0.0,1,-1.0
2330993,0.0,1,-1.0
2331032,0.0,1,-1.0
2331086,0.0,1,-1.0
2331098,0.0,1,-1.0
2331106,0.0,1,-1.0
2331110,0.0,1,-1.0
2331111,0.0,1,-1.0
2331123,0.0,1,-1.0
2331124,0.0,1,-1.0
2331154,0.0,1,-1.0
2331174,0.0,1,-1.0
2331180,0.0,1,-1.0
2331183,0.0,1,-1.0
2331214,0.0,1,-1.0
2331227,0.0,1,-1.0
2331241,0.0,1,-1.0
2331251,0.0,1,-1.0
2331265,0.0,1,-1.0
2331272,0.0,1,-1.0
2331275,0.0,1,-1.0
2331294,0.82,0,82.0
2331305,0.0,1,-1.0
2331312,0.0,1,-1.0
2331316,0.0,1,-1.0
2331323,0.0,1,-1.0
2331325,0.0,1,-1.0
2331330,0.0,1,-1.0
2331341,0.0,1,-1.0
2331347,0.0,1,-1.0
2331348,0.83,0,83.0
2331353,0.0,1,-1.0
2331355,0.0,1,-1.0
2331356,0.83,0,83.0
2331366,0.0,1,-1.0
2331370,0.0,1,-1.0
2331371,0.0,1,-1.0
2331392,0.0,1,-1.0
2331404,0.0,1,-1.0
2331409,0.0,1,-1.0
2331418,0.0,1,-1.0
2331422,0.0,1,-1.0
2331426,0.0,1,-1.0
2331441,0.0,1,-1.0
2331451,0.0,1,-1.0
2331465,0.0,1,-1.0
2331483,0.0,1,-1.0
2331489,0.0,1,-1.0
2331495,0.0,1,-1.0
2331507,0.0,1,-1.0
2331512,0.0,1,-1.0
2331513,0.0,1,-1.0
2331520,0.0,1,-1.0
2331521,0.0,1,-1.0
2331525,0.0,1,-1.0
2331535,0.0,1,-1.0
2331536,0.0,1,-1.0
2331541,0.0,1,-1.0
2331548,0.0,1,-1.0
2331579,0.0,1,-1.0
2331584,0.0,1,-1.0
2331587,0.0,1,-1.0
2331600,0.0,1,-1.0
2331610,0.0,1,-1.0
2331612,0.0,1,-1.0
2331613,0.0,1,-1.0
2331617,0.0,1,-1.0
2331619,0.0,1,-1.0
2331620,0.0,1,-1.0
2331670,0.0,1,-1.0
2331689,0.0,1,-1.0
2331691,0.0,1,-1.0
2331699,0.0,1,-1.0
2331711,0.0,1,-1.0
2331721,0.0,1,-1.0
2331723,0.0,1,-1.0
2331726,0.0,1,-1.0
2331761,0.0,1,-1.0
2331781,0.0,1,-1.0
2331801,0.0,1,-1.0
2331814,0.0,1,-1.0
2331837,0.0,1,-1.0
2331845,0.0,1,-1.0
2331855,0.95,0,95.0
2331858,0.0,1,-1.0
2331873,0.0,1,-1.0
2331874,0.0,1,-1.0
2331876,0.0,1,-1.0
2331902,0.0,1,-1.0
2331904,0.0,1,-1.0
2331907,0.0,1,-1.0
2331920,0.0,1,-1.0
2331923,0.0,1,-1.0
2331929,0.0,1,-1.0
2331934,0.0,1,-1.0
2331943,0.0,1,-1.0
2331946,0.0,1,-1.0
2331956,0.0,1,-1.0
2331957,0.0,1,-1.0
2331964,0.9,0,90.0
2331975,0.0,1,-1.0
2331992,0.0,1,-1.0
2332002,0.0,1,-1.0
2332030,0.0,1,-1.0
2332033,0.0,1,-1.0
2332034,0.0,1,-1.0
2332044,0.0,1,-1.0
2332047,0.0,1,-1.0
2332055,0.0,1,-1.0
2332059,0.81,0,81.0
2332101,0.0,1,-1.0
2332102,0.0,1,-1.0
2332110,0.0,1,-1.0
2332140,0.0,1,-1.0
2332145,0.0,1,-1.0
2332217,0.0,1,-1.0
2332219,0.0,1,-1.0
2332220,0.0,1,-1.0
2332240,0.0,1,-1.0
2332249,0.0,1,-1.0
2332254,0.0,1,-1.0
2332255,0.0,1,-1.0
2332257,0.0,1,-1.0
2332259,0.0,1,-1.0
2332271,0.0,1,-1.0
2332277,0.0,1,-1.0
2332289,0.0,1,-1.0
2332296,0.0,1,-1.0
2332299,0.0,1,-1.0
2332300,0.0,1,-1.0
2332366,0.0,1,-1.0
2332369,0.0,1,-1.0
2332385,0.0,1,-1.0
2332386,0.0,1,-1.0
2332433,0.0,1,-1.0
2332444,0.0,1,-1.0
2332473,0.0,1,-1.0
2332474,0.0,1,-1.0
2332503,0.0,1,-1.0
2332509,0.0,1,-1.0
2332529,0.0,1,-1.0
2332534,0.0,1,-1.0
2332537,0.0,1,-1.0
2332553,0.0,1,-1.0
2332555,0.0,1,-1.0
2332563,0.0,1,-1.0
2332582,0.0,1,-1.0
2332627,0.0,1,-1.0
2332639,0.0,1,-1.0
2332645,0.0,1,-1.0
2332662,0.0,1,-1.0
2332676,0.0,1,-1.0
2332678,0.0,1,-1.0
2332728,0.0,1,-1.0
2332740,0.0,1,-1.0
2332749,0.0,1,-1.0
2332756,0.0,1,-1.0
2332778,0.0,1,-1.0
2332788,0.0,1,-1.0
2332789,0.0,1,-1.0
2332826,0.0,1,-1.0
2332837,0.0,1,-1.0
2332842,0.0,1,-1.0
2332846,0.0,1,-1.0
2332853,0.0,1,-1.0
2332856,0.0,1,-1.0
2332862,0.96,0,96.0
2332873,0.0,1,-1.0
2332922,0.0,1,-1.0
2332927,0.84,0,84.0
2332931,0.0,1,-1.0
2332935,0.0,1,-1.0
2332956,0.0,1,-1.0
2333005,0.0,1,-1.0
2333015,0.0,1,-1.0
2333021,0.0,1,-1.0
2333039,0.0,1,-1.0
2333045,0.0,1,-1.0
2333050,0.0,1,-1.0
2333061,0.0,1,-1.0
2333070,0.0,1,-1.0
2333077,0.0,1,-1.0
2333104,0.0,1,-1.0
2333131,0.0,1,-1.0
2333144,0.0,1,-1.0
2333151,0.0,1,-1.0
2333165,0.0,1,-1.0
2333168,0.0,1,-1.0
2333170,0.0,1,-1.0
2333175,0.0,1,-1.0
2333176,0.0,1,-1.0
2333190,0.0,1,-1.0
2333209,0.0,1,-1.0
2333222,0.0,1,-1.0
2333238,0.0,1,-1.0
2333245,0.0,1,-1.0
2333257,0.0,1,-1.0
2333260,0.0,1,-1.0
2333270,0.0,1,-1.0
2333286,0.0,1,-1.0
2333291,0.0,1,-1.0
2333306,0.0,1,-1.0
2333307,0.0,1,-1.0
2333360,0.0,1,-1.0
2333361,0.0,1,-1.0
2333369,0.0,1,-1.0
2333375,0.0,1,-1.0
2333377,0.0,1,-1.0
2333385,0.0,1,-1.0
2333392,0.0,1,-1.0
2333404,0.0,1,-1.0
2333410,0.0,1,-1.0
2333422,0.0,1,-1.0
2333435,0.0,1,-1.0
2333444,0.0,1,-1.0
2333475,0.0,1,-1.0
2333481,0.0,1,-1.0
2333486,0.0,1,-1.0
2333494,0.0,1,-1.0
2333497,0.0,1,-1.0
2333523,0.0,1,-1.0
2333525,0.0,1,-1.0
2333528,0.84,0,84.0
2333531,0.0,1,-1.0
2333577,0.0,1,-1.0
2333589,0.0,1,-1.0
2333599,0.0,1,-1.0
2333601,0.0,1,-1.0
2333610,0.0,1,-1.0
2333614,0.0,1,-1.0
2333617,0.79,0,79.0
2333632,0.0,1,-1.0
2333635,0.0,1,-1.0
2333637,0.0,1,-1.0
2333644,0.0,1,-1.0
2333648,0.0,1,-1.0
2333661,0.0,1,-1.0
2333664,0.0,1,-1.0
2333672,0.0,1,-1.0
2333681,0.0,1,-1.0
2333687,0.0,1,-1.0
2333689,0.0,1,-1.0
2333707,0.0,1,-1.0
2333711,0.0,1,-1.0
2333713,0.0,1,-1.0
2333723,0.0,1,-1.0
2333734,0.95,0,95.0
2333755,0.0,1,-1.0
2333791,0.0,1,-1.0
2333811,0.0,1,-1.0
2333812,0.0,1,-1.0
2333824,0.0,1,-1.0
2333833,0.0,1,-1.0
2333844,0.0,1,-1.0
2333864,0.0,1,-1.0
2333889,0.0,1,-1.0
2333914,0.88,0,88.0
2333934,0.0,1,-1.0
2333939,0.0,1,-1.0
2333956,0.0,1,-1.0
2333966,0.0,1,-1.0
2333968,0.0,1,-1.0
2333972,0.0,1,-1.0
2334000,0.0,1,-1.0
2334012,0.0,1,-1.0
2334019,0.0,1,-1.0
2334048,0.0,1,-1.0
2334073,0.0,1,-1.0
2334088,0.0,1,-1.0
2334093,0.0,1,-1.0
2334110,0.0,1,-1.0
2334132,0.0,1,-1.0
2334142,0.0,1,-1.0
2334144,0.0,1,-1.0
2334154,0.0,1,-1.0
2334155,0.0,1,-1.0
2334158,0.0,1,-1.0
2334190,0.0,1,-1.0
2334192,0.0,1,-1.0
2334194,0.0,1,-1.0
2334195,0.0,1,-1.0
2334198,0.0,1,-1.0
2334213,0.0,1,-1.0
2334226,0.0,1,-1.0
2334238,0.0,1,-1.0
2334241,0.0,1,-1.0
2334275,0.0,1,-1.0
2334285,0.0,1,-1.0
2334295,0.0,1,-1.0
2334299,0.0,1,-1.0
2334305,0.0,1,-1.0
2334308,0.0,1,-1.0
2334317,0.0,1,-1.0
2334329,0.0,1,-1.0
2334336,0.0,1,-1.0
2334347,0.0,1,-1.0
2334349,0.0,1,-1.0
2334358,0.0,1,-1.0
2334360,0.0,1,-1.0
2334371,0.0,1,-1.0
2334383,0.0,1,-1.0
2334394,0.0,1,-1.0
2334395,0.0,1,-1.0
2334403,0.0,1,-1.0
2334427,0.0,1,-1.0
2334442,0.0,1,-1.0
2334443,0.0,1,-1.0
2334452,0.0,1,-1.0
2334461,0.0,1,-1.0
2334488,0.0,1,-1.0
2334495,0.0,1,-1.0
2334516,0.0,1,-1.0
2334547,0.0,1,-1.0
2334558,0.0,1,-1.0
2334566,0.0,1,-1.0
2334578,0.0,1,-1.0
2334583,0.0,1,-1.0
2334584,0.0,1,-1.0
2334586,0.0,1,-1.0
2334592,0.0,1,-1.0
2334601,0.0,1,-1.0
2334603,0.0,1,-1.0
2334618,0.9,0,90.0
2334622,0.0,1,-1.0
2334628,0.0,1,-1.0
2334637,0.0,1,-1.0
2334647,0.0,1,-1.0
2334657,0.0,1,-1.0
2334658,0.0,1,-1.0
2334661,0.0,1,-1.0
2334667,0.0,1,-1.0
2334668,0.0,1,-1.0
2334700,0.0,1,-1.0
2334702,0.0,1,-1.0
2334710,0.0,1,-1.0
2334714,0.0,1,-1.0
2334721,0.0,1,-1.0
2334729,0.0,1,-1.0
2334733,0.0,1,-1.0
2334758,0.0,1,-1.0
2334762,0.0,1,-1.0
2334763,0.0,1,-1.0
2334765,0.0,1,-1.0
2334767,0.0,1,-1.0
2334778,0.0,1,-1.0
2334784,0.0,1,-1.0
2334821,0.0,1,-1.0
2334837,0.0,1,-1.0
2334843,0.0,1,-1.0
2334846,0.0,1,-1.0
2334856,0.0,1,-1.0
2334862,0.0,1,-1.0
2334888,0.0,1,-1.0
2334891,0.0,1,-1.0
2334899,0.0,1,-1.0
2334907,0.0,1,-1.0
2334912,0.0,1,-1.0
2334928,0.0,1,-1.0
2334937,0.0,1,-1.0
2334951,0.0,1,-1.0
2334953,0.0,1,-1.0
2334975,0.0,1,-1.0
2334987,0.0,1,-1.0
2335043,0.0,1,-1.0
2335046,0.0,1,-1.0
2335061,0.0,1,-1.0
2335065,0.0,1,-1.0
2335084,0.0,1,-1.0
2335091,0.0,1,-1.0
2335096,0.0,1,-1.0
2335119,0.85,0,85.0
2335126,0.0,1,-1.0
2335135,0.0,1,-1.0
2335136,0.0,1,-1.0
2335139,0.0,1,-1.0
2335145,0.0,1,-1.0
2335163,0.0,1,-1.0
2335171,0.0,1,-1.0
2335184,0.0,1,-1.0
2335190,0.0,1,-1.0
2335220,0.0,1,-1.0
2335225,0.0,1,-1.0
2335236,0.0,1,-1.0
2335249,0.0,1,-1.0
2335255,0.0,1,-1.0
2335256,0.0,1,-1.0
2335276,0.0,1,-1.0
2335277,0.0,1,-1.0
2335291,0.0,1,-1.0
2335294,0.0,1,-1.0
2335296,0.0,1,-1.0
2335302,0.0,1,-1.0
2335318,0.0,1,-1.0
2335322,0.0,1,-1.0
2335323,0.0,1,-1.0
2335327,0.88,0,88.0
2335343,0.0,1,-1.0
2335350,0.0,1,-1.0
2335360,0.0,1,-1.0
2335388,0.0,1,-1.0
2335390,0.0,1,-1.0
2335392,0.0,1,-1.0
2335409,0.0,1,-1.0
2335412,0.0,1,-1.0
2335414,0.0,1,-1.0
2335439,0.0,1,-1.0
2335444,0.0,1,-1.0
2335450,0.0,1,-1.0
2335452,0.0,1,-1.0
2335457,0.0,1,-1.0
2335458,0.0,1,-1.0
2335466,0.0,1,-1.0
2335480,0.0,1,-1.0
2335493,0.0,1,-1.0
2335507,0.0,1,-1.0
2335508,0.0,1,-1.0
2335512,0.0,1,-1.0
2335520,0.0,1,-1.0
2335551,0.0,1,-1.0
2335552,0.0,1,-1.0
2335553,0.0,1,-1.0
2335554,0.0,1,-1.0
2335556,0.0,1,-1.0
2335563,0.0,1,-1.0
2335573,0.0,1,-1.0
2335578,0.0,1,-1.0
2335584,0.0,1,-1.0
2335586,0.0,1,-1.0
2335596,0.0,1,-1.0
2335599,0.0,1,-1.0
2335604,0.0,1,-1.0
2335612,0.0,1,-1.0
2335617,0.0,1,-1.0
2335620,0.0,1,-1.0
2335624,0.0,1,-1.0
2335642,0.0,1,-1.0
2335648,0.0,1,-1.0
2335653,0.0,1,-1.0
2335657,0.0,1,-1.0
2335660,0.0,1,-1.0
2335680,0.0,1,-1.0
2335685,0.0,1,-1.0
2335687,0.0,1,-1.0
2335694,0.0,1,-1.0
2335722,0.0,1,-1.0
2335734,0.0,1,-1.0
2335744,0.0,1,-1.0
2335747,0.0,1,-1.0
2335749,0.0,1,-1.0
2335753,0.0,1,-1.0
2335757,0.0,1,-1.0
2335762,0.0,1,-1.0
2335763,0.0,1,-1.0
2335773,0.0,1,-1.0
2335777,0.0,1,-1.0
2335792,0.0,1,-1.0
2335805,0.0,1,-1.0
2335806,0.0,1,-1.0
2335814,0.0,1,-1.0
2335817,0.0,1,-1.0
2335818,0.0,1,-1.0
2335828,0.0,1,-1.0
2335832,0.0,1,-1.0
2335834,0.0,1,-1.0
2335837,0.0,1,-1.0
2335845,0.0,1,-1.0
2335864,0.0,1,-1.0
2335880,0.0,1,-1.0
2335886,0.0,1,-1.0
2335902,0.0,1,-1.0
2335907,0.0,1,-1.0
2335908,0.0,1,-1.0
2335909,0.0,1,-1.0
2335910,0.0,1,-1.0
2335911,0.0,1,-1.0
2335917,0.0,1,-1.0
2335918,0.0,1,-1.0
2335927,0.0,1,-1.0
2335935,0.0,1,-1.0
2335940,0.0,1,-1.0
2335945,0.0,1,-1.0
2335956,0.0,1,-1.0
2335985,0.0,1,-1.0
2335986,0.0,1,-1.0
2335995,0.0,1,-1.0
2336000,0.0,1,-1.0
2336002,0.0,1,-1.0
2336065,0.0,1,-1.0
2336073,0.0,1,-1.0
2336074,0.0,1,-1.0
2336091,0.0,1,-1.0
2336103,0.0,1,-1.0
2336133,0.0,1,-1.0
2336144,0.0,1,-1.0
2336152,0.0,1,-1.0
2336157,0.0,1,-1.0
2336179,0.0,1,-1.0
2336185,0.0,1,-1.0
2336202,0.0,1,-1.0
2336208,0.88,0,88.0
2336214,0.0,1,-1.0
2336218,0.0,1,-1.0
2336229,0.0,1,-1.0
2336237,0.0,1,-1.0
2336238,0.0,1,-1.0
2336246,0.0,1,-1.0
2336250,0.0,1,-1.0
2336257,0.0,1,-1.0
2336278,0.0,1,-1.0
2336280,0.0,1,-1.0
2336292,0.0,1,-1.0
2336294,0.0,1,-1.0
2336296,0.0,1,-1.0
2336308,0.0,1,-1.0
2336309,0.0,1,-1.0
2336311,0.0,1,-1.0
2336323,0.0,1,-1.0
2336325,0.0,1,-1.0
2336331,0.0,1,-1.0
2336333,0.0,1,-1.0
2336355,0.0,1,-1.0
2336357,0.0,1,-1.0
2336364,0.0,1,-1.0
2336371,0.0,1,-1.0
2336375,0.0,1,-1.0
2336382,0.0,1,-1.0
2336384,0.0,1,-1.0
2336389,0.0,1,-1.0
2336394,0.0,1,-1.0
2336405,0.0,1,-1.0
2336409,0.0,1,-1.0
2336413,0.0,1,-1.0
2336419,0.0,1,-1.0
2336426,0.0,1,-1.0
2336440,0.0,1,-1.0
2336449,0.0,1,-1.0
2336481,0.0,1,-1.0
2336505,0.0,1,-1.0
2336510,0.0,1,-1.0
2336529,0.0,1,-1.0
2336531,0.0,1,-1.0
2336536,0.0,1,-1.0
2336541,0.0,1,-1.0
2336563,0.0,1,-1.0
2336572,0.0,1,-1.0
2336576,0.0,1,-1.0
2336579,0.82,0,82.0
2336581,0.0,1,-1.0
2336602,0.0,1,-1.0
2336614,0.0,1,-1.0
2336616,0.0,1,-1.0
2336632,0.0,1,-1.0
2336655,0.0,1,-1.0
2336664,0.0,1,-1.0
2336665,0.0,1,-1.0
2336685,0.0,1,-1.0
2336687,0.0,1,-1.0
2336690,0.0,1,-1.0
2336694,0.0,1,-1.0
2336695,0.0,1,-1.0
2336707,0.0,1,-1.0
2336711,0.0,1,-1.0
2336714,0.0,1,-1.0
2336737,0.0,1,-1.0
2336750,0.0,1,-1.0
2336755,0.0,1,-1.0
2336770,0.0,1,-1.0
2336795,0.0,1,-1.0
2336800,0.0,1,-1.0
2336801,0.0,1,-1.0
2336810,0.0,1,-1.0
2336812,0.0,1,-1.0
2336828,0.0,1,-1.0
2336833,0.0,1,-1.0
2336844,0.0,1,-1.0
2336851,0.0,1,-1.0
2336853,0.0,1,-1.0
2336854,0.0,1,-1.0
2336871,0.0,1,-1.0
2336889,0.0,1,-1.0
2336948,0.0,1,-1.0
2336950,0.0,1,-1.0
2336965,0.0,1,-1.0
2336968,0.0,1,-1.0
2336970,0.0,1,-1.0
2336974,0.0,1,-1.0
2336975,0.0,1,-1.0
2336980,0.0,1,-1.0
2336987,0.0,1,-1.0
2336988,0.0,1,-1.0
2336991,0.0,1,-1.0
2336996,0.0,1,-1.0
2337007,0.0,1,-1.0
2337009,0.0,1,-1.0
2337038,0.0,1,-1.0
2337040,0.0,1,-1.0
2337044,0.0,1,-1.0
2337070,0.0,1,-1.0
2337072,0.0,1,-1.0
2337082,0.0,1,-1.0
2337094,0.0,1,-1.0
2337108,0.0,1,-1.0
2337130,0.0,1,-1.0
2337145,0.0,1,-1.0
2337162,0.0,1,-1.0
2337166,0.0,1,-1.0
2337181,0.0,1,-1.0
2337196,0.0,1,-1.0
2337207,0.0,1,-1.0
2337221,0.0,1,-1.0
2337225,0.0,1,-1.0
2337249,0.0,1,-1.0
2337258,0.0,1,-1.0
2337262,0.0,1,-1.0
2337298,0.0,1,-1.0
2337307,0.0,1,-1.0
2337315,0.0,1,-1.0
2337320,0.0,1,-1.0
2337344,0.0,1,-1.0
2337350,0.0,1,-1.0
2337361,0.0,1,-1.0
2337367,0.0,1,-1.0
2337368,0.0,1,-1.0
2337382,0.0,1,-1.0
2337388,0.95,0,95.0
2337390,0.0,1,-1.0
2337398,0.0,1,-1.0
2337399,0.0,1,-1.0
2337408,0.0,1,-1.0
2337409,0.0,1,-1.0
2337417,0.0,1,-1.0
2337435,0.0,1,-1.0
2337437,0.0,1,-1.0
2337444,0.0,1,-1.0
2337449,0.0,1,-1.0
2337470,0.0,1,-1.0
2337503,0.0,1,-1.0
2337509,0.0,1,-1.0
2337514,0.0,1,-1.0
2337530,0.0,1,-1.0
2337534,0.0,1,-1.0
2337538,0.0,1,-1.0
2337540,0.0,1,-1.0
2337541,0.0,1,-1.0
2337546,0.0,1,-1.0
2337555,0.0,1,-1.0
2337574,0.0,1,-1.0
2337626,0.0,1,-1.0
2337628,0.0,1,-1.0
2337630,0.0,1,-1.0
2337635,0.0,1,-1.0
2337636,0.0,1,-1.0
2337647,0.0,1,-1.0
2337650,0.0,1,-1.0
2337654,0.75,0,75.0
2337661,0.0,1,-1.0
2337662,0.0,1,-1.0
2337687,0.0,1,-1.0
2337691,0.0,1,-1.0
2337692,0.0,1,-1.0
2337711,0.0,1,-1.0
2337725,0.0,1,-1.0
2337728,0.0,1,-1.0
2337730,0.78,0,78.0
2337745,0.0,1,-1.0
2337751,0.0,1,-1.0
2337752,0.0,1,-1.0
2337753,0.0,1,-1.0
2337759,0.0,1,-1.0
2337760,0.0,1,-1.0
2337763,0.0,1,-1.0
2337782,0.0,1,-1.0
2337789,0.0,1,-1.0
2337792,0.0,1,-1.0
2337797,0.82,0,82.0
2337807,0.0,1,-1.0
2337825,0.0,1,-1.0
2337833,0.0,1,-1.0
2337848,0.0,1,-1.0
2337854,0.0,1,-1.0
2337863,0.0,1,-1.0
2337891,0.0,1,-1.0
2337905,0.0,1,-1.0
2337906,0.0,1,-1.0
2337931,0.0,1,-1.0
2337952,0.0,1,-1.0
2337957,0.0,1,-1.0
2337961,0.0,1,-1.0
2337970,0.0,1,-1.0
2337992,0.0,1,-1.0
2338006,0.0,1,-1.0
2338011,0.0,1,-1.0
2338013,0.0,1,-1.0
2338014,0.0,1,-1.0
2338016,0.0,1,-1.0
2338039,0.0,1,-1.0
2338053,0.0,1,-1.0
2338060,0.0,1,-1.0
2338065,0.0,1,-1.0
2338078,0.0,1,-1.0
2338081,0.0,1,-1.0
2338085,0.0,1,-1.0
2338090,0.0,1,-1.0
2338097,0.0,1,-1.0
2338111,0.0,1,-1.0
2338113,0.0,1,-1.0
2338117,0.0,1,-1.0
2338130,0.0,1,-1.0
2338135,0.0,1,-1.0
2338151,0.0,1,-1.0
2338154,0.0,1,-1.0
2338163,0.0,1,-1.0
2338192,0.0,1,-1.0
2338208,0.0,1,-1.0
2338209,0.0,1,-1.0
2338235,0.0,1,-1.0
2338245,0.0,1,-1.0
2338269,0.0,1,-1.0
2338298,0.0,1,-1.0
2338305,0.0,1,-1.0
2338314,0.0,1,-1.0
2338329,0.0,1,-1.0
2338334,0.0,1,-1.0
2338335,0.0,1,-1.0
2338342,0.0,1,-1.0
2338349,0.0,1,-1.0
2338393,0.0,1,-1.0
2338395,0.0,1,-1.0
2338405,0.0,1,-1.0
2338410,0.0,1,-1.0
2338418,0.0,1,-1.0
2338442,0.0,1,-1.0
2338447,0.88,0,88.0
2338450,0.0,1,-1.0
2338496,0.0,1,-1.0
2338509,0.82,0,82.0
2338510,0.0,1,-1.0
2338513,0.0,1,-1.0
2338515,0.0,1,-1.0
2338537,0.0,1,-1.0
2338549,0.0,1,-1.0
2338552,0.0,1,-1.0
2338564,0.0,1,-1.0
2338568,0.0,1,-1.0
2338577,0.0,1,-1.0
2338578,0.0,1,-1.0
2338597,0.0,1,-1.0
2338603,0.0,1,-1.0
2338606,0.0,1,-1.0
2338621,0.0,1,-1.0
2338635,0.0,1,-1.0
2338638,0.75,0,75.0
2338646,0.0,1,-1.0
2338648,0.0,1,-1.0
2338663,0.0,1,-1.0
2338666,0.0,1,-1.0
2338679,0.0,1,-1.0
2338697,0.0,1,-1.0
2338699,0.0,1,-1.0
2338707,0.0,1,-1.0
2338718,0.0,1,-1.0
2338719,0.0,1,-1.0
2338722,0.0,1,-1.0
2338725,0.0,1,-1.0
2338726,0.0,1,-1.0
2338730,0.0,1,-1.0
2338731,0.0,1,-1.0
2338736,0.0,1,-1.0
2338747,0.0,1,-1.0
2338749,0.0,1,-1.0
2338760,0.0,1,-1.0
2338761,0.0,1,-1.0
2338774,0.0,1,-1.0
2338780,0.0,1,-1.0
2338785,0.0,1,-1.0
2338810,0.0,1,-1.0
2338816,0.0,1,-1.0
2338823,0.0,1,-1.0
2338830,0.0,1,-1.0
2338859,0.0,1,-1.0
2338861,0.0,1,-1.0
2338872,0.0,1,-1.0
2338873,0.0,1,-1.0
2338901,0.0,1,-1.0
2338904,0.0,1,-1.0
2338914,0.0,1,-1.0
2338917,0.0,1,-1.0
2338930,0.0,1,-1.0
2338932,0.88,0,88.0
2338941,0.0,1,-1.0
2338942,0.0,1,-1.0
2338945,0.0,1,-1.0
2338946,0.0,1,-1.0
2338950,0.0,1,-1.0
2338958,0.0,1,-1.0
2338986,0.0,1,-1.0
2338993,0.0,1,-1.0
2338994,0.0,1,-1.0
2339009,0.0,1,-1.0
2339016,0.0,1,-1.0
2339056,0.0,1,-1.0
2339059,0.98,0,98.0
2339061,0.0,1,-1.0
2339071,0.0,1,-1.0
2339074,0.0,1,-1.0
2339076,0.0,1,-1.0
2339080,0.0,1,-1.0
2339082,0.0,1,-1.0
2339084,0.0,1,-1.0
2339099,0.0,1,-1.0
2339101,0.0,1,-1.0
2339103,0.0,1,-1.0
2339104,0.0,1,-1.0
2339122,0.0,1,-1.0
2339126,0.0,1,-1.0
2339127,0.0,1,-1.0
2339146,0.0,1,-1.0
2339155,0.0,1,-1.0
2339176,0.0,1,-1.0
2339188,0.0,1,-1.0
2339200,0.0,1,-1.0
2339202,0.0,1,-1.0
2339215,0.82,0,82.0
2339218,0.0,1,-1.0
2339219,0.0,1,-1.0
2339221,0.0,1,-1.0
2339226,0.0,1,-1.0
2339230,0.0,1,-1.0
2339237,0.0,1,-1.0
2339247,0.0,1,-1.0
2339249,0.0,1,-1.0
2339253,0.0,1,-1.0
2339261,0.0,1,-1.0
2339266,0.0,1,-1.0
2339267,0.0,1,-1.0
2339275,0.0,1,-1.0
2339285,0.0,1,-1.0
2339294,0.0,1,-1.0
2339300,0.0,1,-1.0
2339303,0.0,1,-1.0
2339309,0.0,1,-1.0
2339317,0.0,1,-1.0
2339320,0.0,1,-1.0
2339349,0.79,0,79.0
2339365,0.0,1,-1.0
2339375,0.0,1,-1.0
2339385,0.0,1,-1.0
2339396,0.0,1,-1.0
2339410,0.0,1,-1.0
2339415,0.0,1,-1.0
2339422,0.0,1,-1.0
2339431,0.0,1,-1.0
2339438,0.0,1,-1.0
2339442,0.0,1,-1.0
2339451,0.0,1,-1.0
2339457,0.0,1,-1.0
2339459,0.0,1,-1.0
2339460,0.0,1,-1.0
2339474,0.0,1,-1.0
2339480,0.0,1,-1.0
2339498,0.0,1,-1.0
2339509,0.0,1,-1.0
2339520,0.0,1,-1.0
2339531,0.88,0,88.0
2339537,0.0,1,-1.0
2339565,0.0,1,-1.0
2339569,0.0,1,-1.0
2339576,0.0,1,-1.0
2339581,0.0,1,-1.0
2339585,0.0,1,-1.0
2339587,0.0,1,-1.0
2339604,0.0,1,-1.0
2339615,0.0,1,-1.0
2339632,0.0,1,-1.0
2339647,0.0,1,-1.0
2339654,0.0,1,-1.0
2339669,0.0,1,-1.0
2339680,0.0,1,-1.0
2339683,0.0,1,-1.0
2339684,0.0,1,-1.0
2339685,0.0,1,-1.0
2339697,0.0,1,-1.0
2339702,0.0,1,-1.0
2339704,0.0,1,-1.0
2339707,0.0,1,-1.0
2339709,0.0,1,-1.0
2339728,0.0,1,-1.0
2339730,0.0,1,-1.0
2339732,0.0,1,-1.0
2339733,0.0,1,-1.0
2339734,0.0,1,-1.0
2339737,0.0,1,-1.0
2339763,0.0,1,-1.0
2339766,0.0,1,-1.0
2339778,0.0,1,-1.0
2339790,0.0,1,-1.0
2339800,0.92,0,92.0
2339838,0.0,1,-1.0
2339852,0.0,1,-1.0
2339874,0.0,1,-1.0
2339883,0.0,1,-1.0
2339893,0.0,1,-1.0
2339895,0.0,1,-1.0
2339917,0.0,1,-1.0
2339923,0.0,1,-1.0
2339928,0.0,1,-1.0
2339932,0.0,1,-1.0
2339942,0.0,1,-1.0
2339961,0.0,1,-1.0
2339983,0.0,1,-1.0
2339984,0.0,1,-1.0
2340033,0.0,1,-1.0
2340035,0.0,1,-1.0
2340044,0.0,1,-1.0
2340047,0.0,1,-1.0
2340065,0.0,1,-1.0
2340078,0.0,1,-1.0
2340089,0.0,1,-1.0
2340092,0.0,1,-1.0
2340108,0.0,1,-1.0
2340109,0.0,1,-1.0
2340119,0.0,1,-1.0
2340121,0.0,1,-1.0
2340125,0.0,1,-1.0
2340142,0.0,1,-1.0
2340151,0.0,1,-1.0
2340177,0.0,1,-1.0
2340189,0.0,1,-1.0
2340190,0.0,1,-1.0
2340194,0.0,1,-1.0
2340202,0.0,1,-1.0
2340209,0.0,1,-1.0
2340214,0.0,1,-1.0
2340227,0.0,1,-1.0
2340230,0.0,1,-1.0
2340236,0.0,1,-1.0
2340237,0.0,1,-1.0
2340242,0.0,1,-1.0
2340257,0.0,1,-1.0
2340272,0.0,1,-1.0
2340273,0.0,1,-1.0
2340277,0.0,1,-1.0
2340278,0.0,1,-1.0
2340281,0.0,1,-1.0
2340285,0.0,1,-1.0
2340289,0.0,1,-1.0
2340313,0.0,1,-1.0
2340316,0.0,1,-1.0
2340329,0.0,1,-1.0
2340330,0.0,1,-1.0
2340331,0.0,1,-1.0
2340347,0.0,1,-1.0
2340356,0.0,1,-1.0
2340363,0.0,1,-1.0
2340383,0.0,1,-1.0
2340388,0.0,1,-1.0
2340398,0.0,1,-1.0
2340400,0.0,1,-1.0
2340405,0.0,1,-1.0
2340412,0.0,1,-1.0
2340419,0.0,1,-1.0
2340424,0.0,1,-1.0
2340429,0.0,1,-1.0
2340430,0.0,1,-1.0
2340440,0.0,1,-1.0
2340442,0.0,1,-1.0
2340456,0.0,1,-1.0
2340458,0.0,1,-1.0
2340472,0.0,1,-1.0
2340482,0.0,1,-1.0
2340488,0.0,1,-1.0
2340499,0.0,1,-1.0
2340507,0.0,1,-1.0
2340514,0.0,1,-1.0
2340516,0.0,1,-1.0
2340517,0.0,1,-1.0
2340532,0.0,1,-1.0
2340546,0.0,1,-1.0
2340548,0.0,1,-1.0
2340554,0.0,1,-1.0
2340568,0.0,1,-1.0
2340585,0.0,1,-1.0
2340589,0.0,1,-1.0
2340602,0.0,1,-1.0
2340605,0.0,1,-1.0
2340626,0.0,1,-1.0
2340643,0.0,1,-1.0
2340646,0.0,1,-1.0
2340683,0.0,1,-1.0
2340690,0.0,1,-1.0
2340698,0.0,1,-1.0
2340709,0.0,1,-1.0
2340724,0.0,1,-1.0
2340734,0.0,1,-1.0
2340755,0.0,1,-1.0
2340766,0.0,1,-1.0
2340773,0.0,1,-1.0
2340792,0.0,1,-1.0
2340799,0.0,1,-1.0
2340815,0.0,1,-1.0
2340816,0.0,1,-1.0
2340828,0.0,1,-1.0
2340833,0.0,1,-1.0
2340836,0.0,1,-1.0
2340840,0.0,1,-1.0
2340852,0.0,1,-1.0
2340862,0.0,1,-1.0
2340863,0.0,1,-1.0
2340867,0.0,1,-1.0
2340874,0.0,1,-1.0
2340880,0.0,1,-1.0
2340886,0.0,1,-1.0
2340908,0.0,1,-1.0
2340932,0.0,1,-1.0
2340937,0.0,1,-1.0
2340941,0.0,1,-1.0
2340962,0.0,1,-1.0
2340965,0.0,1,-1.0
2340988,0.0,1,-1.0
2340991,0.0,1,-1.0
2340998,0.0,1,-1.0
2341027,0.0,1,-1.0
2341028,0.0,1,-1.0
2341029,0.0,1,-1.0
2341030,0.0,1,-1.0
2341039,0.0,1,-1.0
2341044,0.0,1,-1.0
2341048,0.0,1,-1.0
2341050,0.0,1,-1.0
2341057,0.0,1,-1.0
2341058,0.0,1,-1.0
2341068,0.0,1,-1.0
2341122,0.0,1,-1.0
2341142,0.0,1,-1.0
2341143,0.0,1,-1.0
2341163,0.0,1,-1.0
2341178,0.0,1,-1.0
2341181,0.0,1,-1.0
2341188,0.0,1,-1.0
2341189,0.0,1,-1.0
2341200,0.0,1,-1.0
2341201,0.0,1,-1.0
2341222,0.0,1,-1.0
2341224,0.0,1,-1.0
2341226,0.0,1,-1.0
2341230,0.0,1,-1.0
2341235,0.0,1,-1.0
2341244,0.0,1,-1.0
2341255,0.0,1,-1.0
2341259,0.0,1,-1.0
2341270,0.0,1,-1.0
2341276,0.0,1,-1.0
2341282,0.0,1,-1.0
2341284,0.0,1,-1.0
2341289,0.0,1,-1.0
2341305,0.0,1,-1.0
2341314,0.0,1,-1.0
2341327,0.0,1,-1.0
2341328,0.0,1,-1.0
2341338,0.0,1,-1.0
2341355,0.0,1,-1.0
2341372,0.0,1,-1.0
2341378,0.0,1,-1.0
2341401,0.0,1,-1.0
2341406,0.0,1,-1.0
2341409,0.0,1,-1.0
2341413,0.0,1,-1.0
2341425,0.0,1,-1.0
2341428,0.0,1,-1.0
2341432,0.0,1,-1.0
2341448,0.0,1,-1.0
2341451,0.0,1,-1.0
2341455,0.0,1,-1.0
2341463,0.0,1,-1.0
2341480,0.0,1,-1.0
2341484,0.0,1,-1.0
2341485,0.0,1,-1.0
2341486,0.0,1,-1.0
2341493,0.0,1,-1.0
2341508,0.0,1,-1.0
2341513,0.0,1,-1.0
2341517,0.0,1,-1.0
2341545,0.0,1,-1.0
2341546,0.0,1,-1.0
2341552,0.0,1,-1.0
2341568,0.0,1,-1.0
2341585,0.0,1,-1.0
2341586,0.0,1,-1.0
2341594,0.0,1,-1.0
2341600,0.0,1,-1.0
2341609,0.0,1,-1.0
2341626,0.0,1,-1.0
2341632,0.0,1,-1.0
2341633,0.0,1,-1.0
2341636,0.0,1,-1.0
2341637,0.0,1,-1.0
2341638,0.0,1,-1.0
2341643,0.0,1,-1.0
2341652,0.0,1,-1.0
2341660,0.0,1,-1.0
2341692,0.0,1,-1.0
2341696,0.0,1,-1.0
2341701,0.0,1,-1.0
2341708,0.0,1,-1.0
2341732,0.0,1,-1.0
2341751,0.0,1,-1.0
2341752,0.0,1,-1.0
2341753,0.0,1,-1.0
2341759,0.0,1,-1.0
2341764,0.0,1,-1.0
2341768,0.0,1,-1.0
2341776,0.0,1,-1.0
2341777,0.0,1,-1.0
2341786,0.0,1,-1.0
2341787,0.0,1,-1.0
2341793,0.0,1,-1.0
2341805,0.0,1,-1.0
2341806,0.0,1,-1.0
2341810,0.0,1,-1.0
2341817,0.0,1,-1.0
2341827,0.0,1,-1.0
2341838,0.0,1,-1.0
2341865,0.0,1,-1.0
2341903,0.0,1,-1.0
2341910,0.0,1,-1.0
2341912,0.0,1,-1.0
2341946,0.0,1,-1.0
2341948,0.0,1,-1.0
2341964,0.0,1,-1.0
2341965,0.0,1,-1.0
2341967,0.0,1,-1.0
2341986,0.0,1,-1.0
2341989,0.0,1,-1.0
2341991,0.0,1,-1.0
2341995,0.0,1,-1.0
2342003,0.0,1,-1.0
2342012,0.0,1,-1.0
2342013,0.0,1,-1.0
2342014,0.0,1,-1.0
2342016,0.0,1,-1.0
2342029,0.0,1,-1.0
2342055,0.0,1,-1.0
2342063,0.0,1,-1.0
2342067,0.0,1,-1.0
2342096,0.0,1,-1.0
2342107,0.0,1,-1.0
2342115,0.0,1,-1.0
2342121,0.0,1,-1.0
2342123,0.0,1,-1.0
2342125,0.0,1,-1.0
2342127,0.0,1,-1.0
2342130,0.0,1,-1.0
2342136,0.0,1,-1.0
2342141,0.0,1,-1.0
2342149,0.0,1,-1.0
2342158,0.0,1,-1.0
2342174,0.0,1,-1.0
2342175,0.0,1,-1.0
2342185,0.0,1,-1.0
2342190,0.0,1,-1.0
2342199,0.0,1,-1.0
2342207,0.0,1,-1.0
2342228,0.0,1,-1.0
2342231,0.0,1,-1.0
2342242,0.0,1,-1.0
2342243,0.81,0,81.0
2342244,0.0,1,-1.0
2342265,0.0,1,-1.0
2342277,0.0,1,-1.0
2342280,0.0,1,-1.0
2342282,0.0,1,-1.0
2342296,0.0,1,-1.0
2342308,0.0,1,-1.0
2342309,0.0,1,-1.0
2342317,0.0,1,-1.0
2342330,0.0,1,-1.0
2342338,0.0,1,-1.0
2342340,0.0,1,-1.0
2342342,0.0,1,-1.0
2342353,0.0,1,-1.0
2342359,0.0,1,-1.0
2342361,0.0,1,-1.0
2342372,0.0,1,-1.0
2342374,0.0,1,-1.0
2342389,0.0,1,-1.0
2342390,0.0,1,-1.0
2342396,0.0,1,-1.0
2342403,0.0,1,-1.0
2342407,0.0,1,-1.0
2342410,0.0,1,-1.0
2342414,0.0,1,-1.0
2342415,0.0,1,-1.0
2342426,0.0,1,-1.0
2342435,0.0,1,-1.0
2342444,0.0,1,-1.0
2342446,0.0,1,-1.0
2342456,0.0,1,-1.0
2342493,0.0,1,-1.0
2342507,0.0,1,-1.0
2342510,0.0,1,-1.0
2342570,0.0,1,-1.0
2342579,0.0,1,-1.0
2342586,0.0,1,-1.0
2342592,0.0,1,-1.0
2342597,0.0,1,-1.0
2342599,0.0,1,-1.0
2342602,0.0,1,-1.0
2342610,0.0,1,-1.0
2342628,0.0,1,-1.0
2342631,0.0,1,-1.0
2342651,0.0,1,-1.0
2342659,0.0,1,-1.0
2342662,0.0,1,-1.0
2342666,0.0,1,-1.0
2342667,0.0,1,-1.0
2342674,0.0,1,-1.0
2342678,0.0,1,-1.0
2342682,0.0,1,-1.0
2342685,0.0,1,-1.0
2342686,0.0,1,-1.0
2342688,0.0,1,-1.0
2342709,0.0,1,-1.0
2342711,0.0,1,-1.0
2342712,0.0,1,-1.0
2342714,0.0,1,-1.0
2342719,0.0,1,-1.0
2342727,0.0,1,-1.0
2342728,0.0,1,-1.0
2342736,0.0,1,-1.0
2342765,0.0,1,-1.0
2342768,0.0,1,-1.0
2342774,0.0,1,-1.0
2342779,0.0,1,-1.0
2342791,0.0,1,-1.0
2342799,0.0,1,-1.0
2342801,0.0,1,-1.0
2342859,0.0,1,-1.0
2342892,0.0,1,-1.0
2342906,0.0,1,-1.0
2342910,0.0,1,-1.0
2342911,0.0,1,-1.0
2342917,0.0,1,-1.0
2342918,0.0,1,-1.0
2342922,0.0,1,-1.0
2342925,0.0,1,-1.0
2342927,0.0,1,-1.0
2342929,0.0,1,-1.0
2342930,0.0,1,-1.0
2342938,0.0,1,-1.0
2342968,0.0,1,-1.0
2342979,0.0,1,-1.0
2342981,0.0,1,-1.0
2342986,0.0,1,-1.0
2343000,0.0,1,-1.0
2343004,0.0,1,-1.0
2343016,0.0,1,-1.0
2343030,0.0,1,-1.0
2343038,0.0,1,-1.0
2343040,0.0,1,-1.0
2343056,0.0,1,-1.0
2343068,0.0,1,-1.0
2343086,0.0,1,-1.0
2343088,0.0,1,-1.0
2343112,0.0,1,-1.0
2343117,0.0,1,-1.0
2343120,0.0,1,-1.0
2343131,0.0,1,-1.0
2343139,0.0,1,-1.0
2343140,0.0,1,-1.0
2343150,0.0,1,-1.0
2343151,0.0,1,-1.0
2343157,0.0,1,-1.0
2343159,1.0,0,100.0
2343165,0.0,1,-1.0
2343180,0.0,1,-1.0
2343183,0.0,1,-1.0
2343184,0.0,1,-1.0
2343199,0.0,1,-1.0
2343200,0.0,1,-1.0
2343218,0.0,1,-1.0
2343224,0.0,1,-1.0
2343228,0.0,1,-1.0
2343242,0.0,1,-1.0
2343246,0.0,1,-1.0
2343258,0.0,1,-1.0
2343271,0.0,1,-1.0
2343273,0.0,1,-1.0
2343285,0.0,1,-1.0
2343287,0.0,1,-1.0
2343291,0.0,1,-1.0
2343293,0.0,1,-1.0
2343309,0.0,1,-1.0
2343312,0.0,1,-1.0
2343318,0.0,1,-1.0
2343340,0.0,1,-1.0
2343348,0.0,1,-1.0
2343405,0.0,1,-1.0
2343440,0.0,1,-1.0
2343444,0.0,1,-1.0
2343447,0.0,1,-1.0
2343475,0.0,1,-1.0
2343494,0.0,1,-1.0
2343499,0.0,1,-1.0
2343502,0.0,1,-1.0
2343567,0.0,1,-1.0
2343576,0.0,1,-1.0
2343591,1.0,0,100.0
2343599,0.0,1,-1.0
2343600,0.0,1,-1.0
2343601,0.0,1,-1.0
2343610,0.0,1,-1.0
2343616,0.0,1,-1.0
2343645,0.0,1,-1.0
2343673,0.0,1,-1.0
2343681,0.0,1,-1.0
2343682,0.0,1,-1.0
2343700,0.0,1,-1.0
2343702,0.0,1,-1.0
2343707,0.0,1,-1.0
2343712,0.0,1,-1.0
2343713,0.0,1,-1.0
2343715,0.0,1,-1.0
2343720,0.0,1,-1.0
2343726,0.88,0,88.0
2343746,0.0,1,-1.0
2343749,0.0,1,-1.0
2343753,0.0,1,-1.0
2343768,0.0,1,-1.0
2343784,0.0,1,-1.0
2343788,0.0,1,-1.0
2343792,0.0,1,-1.0
2343793,0.0,1,-1.0
2343805,0.0,1,-1.0
2343811,0.0,1,-1.0
2343819,0.0,1,-1.0
2343850,0.0,1,-1.0
2343859,0.0,1,-1.0
2343862,0.0,1,-1.0
2343884,0.0,1,-1.0
2343887,0.0,1,-1.0
2343892,0.0,1,-1.0
2343922,0.0,1,-1.0
2343928,0.0,1,-1.0
2343963,0.0,1,-1.0
2343968,0.0,1,-1.0
2343984,0.0,1,-1.0
2343986,0.0,1,-1.0
2344014,0.0,1,-1.0
2344018,0.83,0,83.0
2344025,0.0,1,-1.0
2344026,0.0,1,-1.0
2344031,0.0,1,-1.0
2344092,0.0,1,-1.0
2344101,0.0,1,-1.0
2344113,0.0,1,-1.0
2344133,0.0,1,-1.0
2344154,0.0,1,-1.0
2344156,0.0,1,-1.0
2344219,0.0,1,-1.0
2344260,0.0,1,-1.0
2344284,0.0,1,-1.0
2344287,0.0,1,-1.0
2344292,0.0,1,-1.0
2344302,0.0,1,-1.0
2344309,0.0,1,-1.0
2344317,0.0,1,-1.0
2344319,0.0,1,-1.0
2344321,0.0,1,-1.0
2344331,0.0,1,-1.0
2344333,0.0,1,-1.0
2344334,0.0,1,-1.0
2344363,0.0,1,-1.0
2344374,0.0,1,-1.0
2344386,0.0,1,-1.0
2344391,0.0,1,-1.0
2344392,0.0,1,-1.0
2344401,0.0,1,-1.0
2344410,0.0,1,-1.0
2344422,0.0,1,-1.0
2344425,0.0,1,-1.0
2344435,0.0,1,-1.0
2344466,0.84,0,84.0
2344467,0.0,1,-1.0
2344476,0.0,1,-1.0
2344480,0.0,1,-1.0
2344490,0.0,1,-1.0
2344506,0.0,1,-1.0
2344507,0.0,1,-1.0
2344584,0.0,1,-1.0
2344595,0.0,1,-1.0
2344599,0.0,1,-1.0
2344614,0.0,1,-1.0
2344625,0.0,1,-1.0
2344655,0.0,1,-1.0
2344673,0.0,1,-1.0
2344674,0.0,1,-1.0
2344705,0.0,1,-1.0
2344711,0.0,1,-1.0
2344728,0.0,1,-1.0
2344732,0.0,1,-1.0
2344768,0.85,0,85.0
2344795,0.0,1,-1.0
2344801,0.0,1,-1.0
2344821,0.0,1,-1.0
2344828,0.0,1,-1.0
2344830,0.0,1,-1.0
2344849,0.0,1,-1.0
2344880,0.0,1,-1.0
2344918,0.0,1,-1.0
2344946,0.0,1,-1.0
2345007,0.0,1,-1.0
2345053,0.0,1,-1.0
2345084,0.0,1,-1.0
2345100,0.0,1,-1.0
2345111,0.0,1,-1.0
2345154,0.0,1,-1.0
2345220,0.0,1,-1.0
2345277,0.0,1,-1.0
2345299,0.0,1,-1.0
2345335,0.85,0,85.0
2345347,0.0,1,-1.0
2345358,0.0,1,-1.0
2345370,0.0,1,-1.0
2345371,0.0,1,-1.0
2345373,0.0,1,-1.0
2345405,0.0,1,-1.0
2345424,0.0,1,-1.0
2345496,0.0,1,-1.0
2345534,0.0,1,-1.0
2345554,0.0,1,-1.0
2345591,0.0,1,-1.0
2345611,0.0,1,-1.0
2345655,0.0,1,-1.0
2345786,0.0,1,-1.0
2345799,0.0,1,-1.0
2345943,0.0,1,-1.0
2345968,0.0,1,-1.0
2345982,0.0,1,-1.0
2345988,0.0,1,-1.0
2346145,0.0,1,-1.0
2346180,0.0,1,-1.0
2346185,0.0,1,-1.0
2346194,0.0,1,-1.0
2346294,0.0,1,-1.0
2346318,0.0,1,-1.0
2346436,0.0,1,-1.0
2346466,0.0,1,-1.0
2346532,0.0,1,-1.0
2346558,0.0,1,-1.0
2346567,0.0,1,-1.0
2346590,0.0,1,-1.0
2346615,0.0,1,-1.0
2346650,0.0,1,-1.0
2346661,0.0,1,-1.0
2346674,0.0,1,-1.0
2346788,0.0,1,-1.0
2346805,0.0,1,-1.0
2346851,0.0,1,-1.0
2346905,0.0,1,-1.0
2346997,0.0,1,-1.0
2347026,0.0,1,-1.0
2347028,0.0,1,-1.0
2347045,0.98,0,98.0
2347064,0.0,1,-1.0
2347084,0.0,1,-1.0
2347088,0.0,1,-1.0
2347111,0.0,1,-1.0
2347145,0.0,1,-1.0
2347176,0.0,1,-1.0
2347182,0.0,1,-1.0
2347232,0.0,1,-1.0
2347234,0.0,1,-1.0
2347270,0.0,1,-1.0
2347278,0.0,1,-1.0
2347339,0.0,1,-1.0
2347402,0.0,1,-1.0
2347423,0.0,1,-1.0
2347552,0.0,1,-1.0
2347584,0.0,1,-1.0
2347672,0.0,1,-1.0
2347673,0.0,1,-1.0
2347685,0.0,1,-1.0
2347751,0.0,1,-1.0
2347763,0.0,1,-1.0
2347775,0.0,1,-1.0
2347872,0.0,1,-1.0
2347949,0.0,1,-1.0
2347982,0.9,0,90.0
2348018,0.91,0,91.0
2348031,0.0,1,-1.0
2348036,0.0,1,-1.0
2348040,0.0,1,-1.0
2348060,0.0,1,-1.0
2348155,0.0,1,-1.0
2348275,0.89,0,89.0
2348333,0.0,1,-1.0
2348367,0.0,1,-1.0
2348415,0.0,1,-1.0
2348522,0.0,1,-1.0
2348540,0.0,1,-1.0
2348563,0.0,1,-1.0
2348647,0.0,1,-1.0
2348651,0.0,1,-1.0
2348656,0.82,0,82.0
2348671,0.0,1,-1.0
2348707,0.0,1,-1.0
2348789,0.0,1,-1.0
2348858,0.0,1,-1.0
2348912,0.0,1,-1.0
2349070,0.0,1,-1.0
2349111,0.0,1,-1.0
2349156,0.0,1,-1.0
2349203,0.96,0,96.0
2349264,0.0,1,-1.0
2349353,0.0,1,-1.0
2349364,0.0,1,-1.0
2349386,0.0,1,-1.0
2349443,0.0,1,-1.0
2349459,0.0,1,-1.0
2349486,0.0,1,-1.0
2349521,0.0,1,-1.0
2349557,0.0,1,-1.0
2349655,0.0,1,-1.0
2349660,0.0,1,-1.0
2349700,0.83,0,83.0
2349807,0.0,1,-1.0
2349827,0.0,1,-1.0
2350028,0.0,1,-1.0
2350105,0.0,1,-1.0
2350144,0.88,0,88.0
2350165,0.86,0,86.0
2350293,0.0,1,-1.0
2350594,0.0,1,-1.0
2350619,0.0,1,-1.0
2350774,0.0,1,-1.0
2350836,0.0,1,-1.0
2350924,0.0,1,-1.0
2351080,0.0,1,-1.0
2351252,0.0,1,-1.0
2351307,0.0,1,-1.0
2351370,0.0,1,-1.0
2351398,0.0,1,-1.0
2351420,0.91,0,91.0
2351438,0.0,1,-1.0
2351475,0.89,0,89.0
2351536,0.0,1,-1.0
2351575,0.0,1,-1.0
2351665,0.0,1,-1.0
2351719,0.0,1,-1.0
2351737,0.0,1,-1.0
2351740,0.0,1,-1.0
2351793,0.0,1,-1.0
2351807,0.0,1,-1.0
2351815,0.0,1,-1.0
2351825,0.95,0,95.0
2351906,0.0,1,-1.0
2351946,0.0,1,-1.0
2352061,0.0,1,-1.0
2352063,0.0,1,-1.0
2352089,0.0,1,-1.0
2352164,0.88,0,88.0
2352222,0.0,1,-1.0
2352248,0.0,1,-1.0
2352333,0.0,1,-1.0
2352342,0.0,1,-1.0
2352374,0.0,1,-1.0
2352383,1.0,0,100.0
2352384,0.0,1,-1.0
2352404,0.0,1,-1.0
2352655,0.0,1,-1.0
2352689,0.0,1,-1.0
2352697,0.0,1,-1.0
2352724,0.0,1,-1.0
2352727,0.0,1,-1.0
2352752,0.85,0,85.0
2352843,0.0,1,-1.0
2352850,0.0,1,-1.0
2352860,0.89,0,89.0
2352905,0.0,1,-1.0
2352928,0.0,1,-1.0
2353248,0.0,1,-1.0
2353299,0.99,0,99.0
2353391,0.0,1,-1.0
2353413,0.0,1,-1.0
2353515,0.0,1,-1.0
2353580,0.0,1,-1.0
2353605,0.0,1,-1.0
2353639,0.0,1,-1.0
2353891,0.0,1,-1.0
2353895,0.0,1,-1.0
2354179,0.0,1,-1.0
2354237,0.0,1,-1.0
2354322,0.0,1,-1.0
2354498,0.0,1,-1.0
2354527,0.81,0,81.0
2354569,0.0,1,-1.0
2354573,0.0,1,-1.0
2354586,0.0,1,-1.0
2354615,0.0,1,-1.0
2354645,0.0,1,-1.0
2354671,0.0,1,-1.0
2354689,0.0,1,-1.0
2354813,0.0,1,-1.0
2354815,0.0,1,-1.0
2354890,0.0,1,-1.0
2354954,0.0,1,-1.0
2355024,0.0,1,-1.0
2355061,0.0,1,-1.0
2355111,0.0,1,-1.0
2355140,0.0,1,-1.0
2355297,0.0,1,-1.0
2355376,0.0,1,-1.0
2355427,0.0,1,-1.0
2355662,0.0,1,-1.0
2355733,0.0,1,-1.0
2355741,0.0,1,-1.0
2355754,0.0,1,-1.0
2355897,0.0,1,-1.0
2355935,0.0,1,-1.0
2355937,0.0,1,-1.0
2355957,0.0,1,-1.0
2356053,0.0,1,-1.0
2356073,0.0,1,-1.0
2356101,0.81,0,81.0
2356120,0.0,1,-1.0
2356194,0.0,1,-1.0
2356299,0.0,1,-1.0
2356302,0.0,1,-1.0
2356304,0.0,1,-1.0
2356347,0.0,1,-1.0
2356385,0.0,1,-1.0
2356421,0.0,1,-1.0
2356455,0.0,1,-1.0
2356478,0.0,1,-1.0
2356483,0.94,0,94.0
2356493,0.0,1,-1.0
2356569,0.0,1,-1.0
2356593,0.0,1,-1.0
2356736,0.0,1,-1.0
2356773,0.79,0,79.0
2357024,0.83,0,83.0
2357061,0.0,1,-1.0
2357068,0.0,1,-1.0
2357119,0.0,1,-1.0
2357193,0.0,1,-1.0
2357204,0.79,0,79.0
2357225,0.0,1,-1.0
2357235,0.0,1,-1.0
2357264,0.73,0,73.0
2357290,0.0,1,-1.0
2357399,0.0,1,-1.0
2357402,0.0,1,-1.0
2357423,0.0,1,-1.0
2357454,0.0,1,-1.0
2357658,0.0,1,-1.0
2357721,0.0,1,-1.0
2357857,0.0,1,-1.0
2357877,0.0,1,-1.0
2357879,0.0,1,-1.0
2357946,0.89,0,89.0
2357949,0.0,1,-1.0
2357951,0.0,1,-1.0
2358495,0.83,0,83.0
2358603,0.0,1,-1.0
2358625,0.0,1,-1.0
2358652,0.0,1,-1.0
2358653,0.0,1,-1.0
2358671,0.92,0,92.0
2358684,0.0,1,-1.0
2358691,0.0,1,-1.0
2358724,0.0,1,-1.0
2358758,0.0,1,-1.0
2358828,0.0,1,-1.0
2358902,0.0,1,-1.0
2358911,0.0,1,-1.0
2358980,0.81,0,81.0
2359005,0.0,1,-1.0
2359150,0.0,1,-1.0
2359192,0.0,1,-1.0
2359268,0.0,1,-1.0
2359298,0.0,1,-1.0
2359367,0.0,1,-1.0
2359414,0.0,1,-1.0
2359468,0.0,1,-1.0
2359500,0.0,1,-1.0
2359571,0.0,1,-1.0
2359578,0.82,0,82.0
2359658,0.0,1,-1.0
2359739,0.0,1,-1.0
2359760,0.0,1,-1.0
2359779,0.0,1,-1.0
2359897,0.0,1,-1.0
2359909,0.0,1,-1.0
2359966,0.0,1,-1.0
2360070,0.0,1,-1.0
2360233,0.0,1,-1.0
2360248,0.0,1,-1.0
2360264,0.0,1,-1.0
2360265,0.0,1,-1.0
2360275,0.0,1,-1.0
2360277,0.79,0,79.0
2360323,0.0,1,-1.0
2360344,0.0,1,-1.0
2360351,0.0,1,-1.0
2360410,0.0,1,-1.0
2360411,0.0,1,-1.0
2360476,0.92,0,92.0
2360539,0.0,1,-1.0
2360575,0.84,0,84.0
2360651,0.0,1,-1.0
2360775,0.0,1,-1.0
2360776,0.0,1,-1.0
2360788,0.0,1,-1.0
2360797,0.0,1,-1.0
2360810,0.89,0,89.0
2360823,0.0,1,-1.0
2360884,0.0,1,-1.0
2360979,0.0,1,-1.0
2360987,0.0,1,-1.0
2361061,0.0,1,-1.0
2361097,0.96,0,96.0
2361143,0.0,1,-1.0
2361289,0.0,1,-1.0
2361339,0.0,1,-1.0
2361341,0.0,1,-1.0
2361400,0.0,1,-1.0
2361450,0.0,1,-1.0
2361561,0.0,1,-1.0
2361575,0.83,0,83.0
2361580,0.0,1,-1.0
2361642,0.0,1,-1.0
2361684,0.0,1,-1.0
2361808,0.0,1,-1.0
2361894,0.0,1,-1.0
2361976,0.0,1,-1.0
2362088,0.0,1,-1.0
2362204,0.0,1,-1.0
2362228,0.97,0,97.0
2362286,0.0,1,-1.0
2362378,0.83,0,83.0
2362386,0.0,1,-1.0
2362439,0.0,1,-1.0
2362443,0.0,1,-1.0
2362511,0.0,1,-1.0
2362566,0.0,1,-1.0
2362576,0.73,0,73.0
2362589,0.82,0,82.0
2362595,0.0,1,-1.0
2362601,0.0,1,-1.0
2362660,0.0,1,-1.0
2362664,0.0,1,-1.0
2362696,0.0,1,-1.0
2362844,0.0,1,-1.0
2362985,0.91,0,91.0
2362998,0.0,1,-1.0
2363071,0.0,1,-1.0
2363131,0.88,0,88.0
2363146,0.96,0,96.0
2363181,0.0,1,-1.0
2363182,0.0,1,-1.0
2363206,0.0,1,-1.0
2363242,0.95,0,95.0
2363251,0.85,0,85.0
2363328,0.0,1,-1.0
2363435,0.0,1,-1.0
2363467,0.0,1,-1.0
2363468,0.0,1,-1.0
2363594,0.0,1,-1.0
2363623,0.0,1,-1.0
2363655,0.0,1,-1.0
2363666,0.0,1,-1.0
2363669,0.0,1,-1.0
2363675,0.0,1,-1.0
2363697,0.0,1,-1.0
2363723,0.0,1,-1.0
2363779,0.0,1,-1.0
2363809,0.0,1,-1.0
2363864,0.0,1,-1.0
2363876,0.0,1,-1.0
2363887,0.0,1,-1.0
2363913,0.0,1,-1.0
2364157,0.0,1,-1.0
2364210,0.0,1,-1.0
2364236,0.0,1,-1.0
2364305,0.0,1,-1.0
2364353,0.83,0,83.0
2364454,0.92,0,92.0
2364532,0.0,1,-1.0
2364593,0.0,1,-1.0
2364612,0.0,1,-1.0
2364664,0.65,0,65.0
2364693,0.0,1,-1.0
2364703,0.0,1,-1.0
2364716,0.0,1,-1.0
2364732,0.82,0,82.0
2364770,0.0,1,-1.0
2364872,0.0,1,-1.0
2364881,0.0,1,-1.0
2364889,0.0,1,-1.0
2364896,0.0,1,-1.0
2364905,0.0,1,-1.0
2364931,0.0,1,-1.0
2364989,0.96,0,96.0
2365011,0.0,1,-1.0
2365015,0.0,1,-1.0
2365036,0.0,1,-1.0
2365137,0.0,1,-1.0
2365194,0.82,0,82.0
2365231,0.0,1,-1.0
2365274,0.0,1,-1.0
2365287,0.0,1,-1.0
2365388,0.0,1,-1.0
2365506,0.0,1,-1.0
2365530,0.73,0,73.0
2365547,0.78,0,78.0
2365587,0.0,1,-1.0
2365611,0.0,1,-1.0
2365625,0.84,0,84.0
2365765,0.0,1,-1.0
2365945,0.0,1,-1.0
2365974,0.0,1,-1.0
2366054,0.0,1,-1.0
2366057,0.0,1,-1.0
2366103,0.9,0,90.0
2366141,0.0,1,-1.0
2366162,0.0,1,-1.0
2366175,0.0,1,-1.0
2366184,0.0,1,-1.0
2366208,0.0,1,-1.0
2366274,0.79,0,79.0
2366284,0.0,1,-1.0
2366348,0.0,1,-1.0
2366349,0.0,1,-1.0
2366355,0.0,1,-1.0
2366399,0.0,1,-1.0
2366400,0.0,1,-1.0
2366443,0.0,1,-1.0
2366453,0.0,1,-1.0
2366483,0.85,0,85.0
2366541,0.0,1,-1.0
2366595,0.0,1,-1.0
2366659,0.0,1,-1.0
2366683,0.0,1,-1.0
2366807,0.0,1,-1.0
2366829,0.0,1,-1.0
2366838,0.0,1,-1.0
2367063,0.0,1,-1.0
2367107,0.0,1,-1.0
2367195,0.0,1,-1.0
2367237,0.0,1,-1.0
2367275,0.0,1,-1.0
2367285,0.0,1,-1.0
2367326,0.0,1,-1.0
2367377,0.0,1,-1.0
2367443,0.0,1,-1.0
2367469,0.0,1,-1.0
2367533,0.0,1,-1.0
2367535,0.0,1,-1.0
2367572,0.0,1,-1.0
2367590,0.0,1,-1.0
2367617,0.0,1,-1.0
2367662,0.0,1,-1.0
2367755,0.0,1,-1.0
2367781,0.0,1,-1.0
2367808,0.0,1,-1.0
2367829,0.0,1,-1.0
2367859,0.0,1,-1.0
2367984,0.0,1,-1.0
2368022,0.0,1,-1.0
2368030,0.0,1,-1.0
2368089,0.0,1,-1.0
2368293,0.0,1,-1.0
2368300,0.8,0,80.0
2368320,0.0,1,-1.0
2368466,0.0,1,-1.0
2368587,0.0,1,-1.0
2368738,0.86,0,86.0
2368811,0.0,1,-1.0
2368838,0.0,1,-1.0
2368839,0.0,1,-1.0
2368856,0.0,1,-1.0
2368877,0.0,1,-1.0
2368894,0.9,0,90.0
2368953,0.0,1,-1.0
2368965,0.0,1,-1.0
2368974,0.0,1,-1.0
2369005,0.0,1,-1.0
2369039,0.0,1,-1.0
2369118,0.92,0,92.0
2369122,0.8,0,80.0
2369156,0.0,1,-1.0
2369212,0.98,0,98.0
2369223,0.0,1,-1.0
2369258,0.0,1,-1.0
2369296,0.0,1,-1.0
2369435,0.0,1,-1.0
2369486,0.96,0,96.0
2369487,0.87,0,87.0
2369493,0.0,1,-1.0
2369504,0.0,1,-1.0
2369512,0.0,1,-1.0
2369532,0.0,1,-1.0
2369535,0.0,1,-1.0
2369580,0.0,1,-1.0
2369592,0.0,1,-1.0
2369651,0.0,1,-1.0
2369721,0.0,1,-1.0
2369738,0.0,1,-1.0
2369741,0.0,1,-1.0
2369757,0.0,1,-1.0
2369778,0.0,1,-1.0
2369784,0.79,0,79.0
2369803,0.91,0,91.0
2369856,0.0,1,-1.0
2369954,0.0,1,-1.0
2369961,0.0,1,-1.0
2369964,0.0,1,-1.0
2369988,0.0,1,-1.0
2369995,0.0,1,-1.0
2370045,0.0,1,-1.0
2370069,0.0,1,-1.0
2370121,0.0,1,-1.0
2370132,0.83,0,83.0
2370143,0.0,1,-1.0
2370148,0.0,1,-1.0
2370186,0.0,1,-1.0
2370231,0.0,1,-1.0
2370273,0.0,1,-1.0
2370291,0.0,1,-1.0
2370306,0.0,1,-1.0
2370320,0.0,1,-1.0
2370350,0.0,1,-1.0
2370450,0.0,1,-1.0
2370455,0.0,1,-1.0
2370472,0.88,0,88.0
2370535,0.0,1,-1.0
2370537,0.0,1,-1.0
2370574,0.0,1,-1.0
2370612,0.0,1,-1.0
2370647,0.0,1,-1.0
2370653,0.0,1,-1.0
2370840,0.0,1,-1.0
2370856,0.0,1,-1.0
2370871,0.8,0,80.0
2370879,0.0,1,-1.0
2370890,0.0,1,-1.0
2370896,0.0,1,-1.0
2370910,0.0,1,-1.0
2370964,0.0,1,-1.0
2370975,0.0,1,-1.0
2371023,0.0,1,-1.0
2371032,0.0,1,-1.0
2371174,0.0,1,-1.0
2371276,0.0,1,-1.0
2371278,0.0,1,-1.0
2371391,0.0,1,-1.0
2371554,0.0,1,-1.0
2371584,0.0,1,-1.0
2371602,0.77,0,77.0
2371644,0.0,1,-1.0
2371813,0.0,1,-1.0
2371832,0.88,0,88.0
2371865,0.0,1,-1.0
2371871,0.0,1,-1.0
2371913,0.0,1,-1.0
2372029,0.0,1,-1.0
2372049,0.0,1,-1.0
2372075,0.0,1,-1.0
2372109,0.0,1,-1.0
2372115,0.0,1,-1.0
2372123,0.0,1,-1.0
2372200,0.0,1,-1.0
2372224,0.0,1,-1.0
2372292,0.0,1,-1.0
2372299,0.0,1,-1.0
2372399,0.0,1,-1.0
2372497,0.0,1,-1.0
2372526,0.0,1,-1.0
2372565,0.0,1,-1.0
2372878,0.0,1,-1.0
2372932,0.0,1,-1.0
2372992,0.0,1,-1.0
2373065,0.0,1,-1.0
2373089,0.0,1,-1.0
2373114,0.89,0,89.0
2373181,0.0,1,-1.0
2373226,0.0,1,-1.0
2373309,0.0,1,-1.0
2373345,0.0,1,-1.0
2373424,0.0,1,-1.0
2373474,0.85,0,85.0
2373483,0.84,0,84.0
2373492,0.0,1,-1.0
2373532,0.85,0,85.0
2373563,0.0,1,-1.0
2373650,0.0,1,-1.0
2373673,0.84,0,84.0
2373732,0.0,1,-1.0
2373842,0.0,1,-1.0
2373883,0.0,1,-1.0
2373964,0.89,0,89.0
2374178,0.0,1,-1.0
2374275,0.0,1,-1.0
2374303,0.0,1,-1.0
2374320,0.0,1,-1.0
2374331,0.0,1,-1.0
2374371,0.0,1,-1.0
2374619,0.0,1,-1.0
2374703,0.85,0,85.0
2374731,0.86,0,86.0
2374819,0.83,0,83.0
2374864,0.0,1,-1.0
2374875,0.82,0,82.0
2374890,0.0,1,-1.0
2374892,0.0,1,-1.0
2374903,0.0,1,-1.0
2374976,0.0,1,-1.0
2375167,0.0,1,-1.0
2375211,0.0,1,-1.0
2375260,0.0,1,-1.0
2375265,0.0,1,-1.0
2375290,0.0,1,-1.0
2375424,0.0,1,-1.0
2375425,0.0,1,-1.0
2375692,0.0,1,-1.0
2375800,0.0,1,-1.0
2375806,0.77,0,77.0
2375814,0.85,0,85.0
2375847,0.97,0,97.0
2375864,0.0,1,-1.0
2375876,0.0,1,-1.0
2375889,0.0,1,-1.0
2375964,0.0,1,-1.0
2375997,0.0,1,-1.0
2376006,0.0,1,-1.0
2376108,0.82,0,82.0
2376128,0.0,1,-1.0
2376162,0.0,1,-1.0
2376179,0.0,1,-1.0
2376230,0.0,1,-1.0
2376231,0.0,1,-1.0
2376362,0.0,1,-1.0
2376381,0.0,1,-1.0
2376403,0.0,1,-1.0
2376469,0.76,0,76.0
2376588,0.0,1,-1.0
2376599,0.0,1,-1.0
2376621,0.0,1,-1.0
2376649,0.0,1,-1.0
2376843,0.0,1,-1.0
2376896,0.0,1,-1.0
2376905,0.0,1,-1.0
2376931,0.0,1,-1.0
2377013,0.0,1,-1.0
2377140,0.0,1,-1.0
2377167,0.0,1,-1.0
2377235,0.0,1,-1.0
2377330,0.0,1,-1.0
2377366,0.0,1,-1.0
2377441,0.0,1,-1.0
2377531,0.0,1,-1.0
2377581,0.84,0,84.0
2377598,0.0,1,-1.0
2377621,0.0,1,-1.0
2377761,0.0,1,-1.0
2377798,0.85,0,85.0
2377832,0.0,1,-1.0
2377899,0.0,1,-1.0
2377917,0.0,1,-1.0
2377944,0.0,1,-1.0
2378001,0.0,1,-1.0
2378017,0.0,1,-1.0
2378224,0.0,1,-1.0
2378318,0.0,1,-1.0
2378323,0.0,1,-1.0
2378337,0.0,1,-1.0
2378391,0.0,1,-1.0
2378513,0.0,1,-1.0
2378523,0.0,1,-1.0
2378609,0.0,1,-1.0
2378651,0.0,1,-1.0
2378735,0.0,1,-1.0
2378786,0.97,0,97.0
2378802,0.0,1,-1.0
2378961,0.0,1,-1.0
2379083,0.0,1,-1.0
2379161,0.0,1,-1.0
2379209,0.98,0,98.0
2379240,0.0,1,-1.0
2379264,0.0,1,-1.0
2379444,0.0,1,-1.0
2379448,0.0,1,-1.0
2379517,0.0,1,-1.0
2379518,0.0,1,-1.0
2379579,0.0,1,-1.0
2379601,0.0,1,-1.0
2379635,0.78,0,78.0
2379668,0.0,1,-1.0
2379710,0.0,1,-1.0
2379742,0.0,1,-1.0
2379761,0.0,1,-1.0
2379762,0.92,0,92.0
2379788,0.0,1,-1.0
2379799,0.0,1,-1.0
2379936,0.0,1,-1.0
2380033,0.0,1,-1.0
2380053,0.0,1,-1.0
2380083,0.79,0,79.0
2380195,0.0,1,-1.0
2380223,0.0,1,-1.0
2380410,0.0,1,-1.0
2380514,0.83,0,83.0
2380531,0.0,1,-1.0
2380672,0.0,1,-1.0
2380683,0.0,1,-1.0
2380752,0.0,1,-1.0
2380765,0.0,1,-1.0
2380800,0.8,0,80.0
2380827,0.0,1,-1.0
2380936,0.0,1,-1.0
2380955,0.0,1,-1.0
2380980,0.0,1,-1.0
2380991,0.0,1,-1.0
2381163,0.84,0,84.0
2381173,0.0,1,-1.0
2381180,0.0,1,-1.0
2381184,0.97,0,97.0
2381185,0.0,1,-1.0
2381252,0.0,1,-1.0
2381437,0.0,1,-1.0
2381440,0.91,0,91.0
2381448,0.0,1,-1.0
2381578,0.0,1,-1.0
2381624,0.85,0,85.0
2381758,0.81,0,81.0
2381797,0.0,1,-1.0
2381871,0.0,1,-1.0
2381907,0.0,1,-1.0
2381951,0.0,1,-1.0
2382081,0.0,1,-1.0
2382086,0.0,1,-1.0
2382123,0.0,1,-1.0
2382124,0.0,1,-1.0
2382149,0.98,0,98.0
2382237,0.0,1,-1.0
2382297,0.0,1,-1.0
2382306,0.8,0,80.0
2382392,0.0,1,-1.0
2382434,0.0,1,-1.0
2382660,0.0,1,-1.0
2382683,0.0,1,-1.0
2382772,0.0,1,-1.0
2383007,0.82,0,82.0
2383119,0.0,1,-1.0
2383140,0.0,1,-1.0
2383194,0.0,1,-1.0
2383211,0.89,0,89.0
2383402,0.0,1,-1.0
2383564,0.0,1,-1.0
2383573,0.0,1,-1.0
2383595,0.0,1,-1.0
2383650,0.0,1,-1.0
2383660,0.0,1,-1.0
2383713,0.0,1,-1.0
2383749,0.84,0,84.0
2383787,0.0,1,-1.0
2383952,0.0,1,-1.0
2383954,0.0,1,-1.0
2383963,0.0,1,-1.0
2383975,0.85,0,85.0
2383982,0.0,1,-1.0
2384065,0.0,1,-1.0
2384125,0.0,1,-1.0
2384158,0.0,1,-1.0
2384223,0.86,0,86.0
2384285,0.0,1,-1.0
2384287,0.0,1,-1.0
2384309,0.0,1,-1.0
2384467,0.0,1,-1.0
2384484,0.0,1,-1.0
2384498,0.0,1,-1.0
2384645,0.74,0,74.0
2384687,0.0,1,-1.0
2384696,0.0,1,-1.0
2384701,0.0,1,-1.0
2384844,0.0,1,-1.0
2384849,0.0,1,-1.0
2384850,0.84,0,84.0
2384923,0.0,1,-1.0
2384951,0.93,0,93.0
2384957,0.0,1,-1.0
2384983,0.0,1,-1.0
2385006,0.93,0,93.0
2385312,0.89,0,89.0
2385412,0.0,1,-1.0
2385476,0.0,1,-1.0
2385534,0.78,0,78.0
2385598,0.83,0,83.0
2385695,0.0,1,-1.0
2385722,0.0,1,-1.0
2385876,0.0,1,-1.0
2385920,0.8,0,80.0
2385942,0.0,1,-1.0
2386104,0.0,1,-1.0
2386187,0.0,1,-1.0
2386193,0.0,1,-1.0
2386326,0.0,1,-1.0
2386342,0.87,0,87.0
2386554,0.85,0,85.0
2386605,0.0,1,-1.0
2386627,0.0,1,-1.0
2386679,0.0,1,-1.0
2386710,0.0,1,-1.0
2386814,0.93,0,93.0
2386958,0.0,1,-1.0
2386992,0.0,1,-1.0
2387133,0.0,1,-1.0
2387177,0.0,1,-1.0
2387201,0.0,1,-1.0
2387231,0.0,1,-1.0
2387337,0.75,0,75.0
2387376,0.0,1,-1.0
2387381,0.0,1,-1.0
2387401,0.0,1,-1.0
2387440,0.0,1,-1.0
2387447,0.0,1,-1.0
2387478,0.0,1,-1.0
2387480,0.0,1,-1.0
2387509,0.0,1,-1.0
2387521,0.0,1,-1.0
2387594,0.0,1,-1.0
2387691,0.87,0,87.0
2387825,0.0,1,-1.0
2387830,0.0,1,-1.0
2387915,0.0,1,-1.0
2387924,0.0,1,-1.0
2387984,0.0,1,-1.0
2388001,0.0,1,-1.0
2388039,0.0,1,-1.0
2388244,0.0,1,-1.0
2388267,0.0,1,-1.0
2388312,0.9,0,90.0
2388396,0.0,1,-1.0
2388427,0.94,0,94.0
2388524,0.74,0,74.0
2388529,0.0,1,-1.0
2388551,0.0,1,-1.0
2388580,0.0,1,-1.0
2388681,0.86,0,86.0
2388751,0.0,1,-1.0
2388918,0.87,0,87.0
2389002,0.0,1,-1.0
2389010,0.0,1,-1.0
2389027,0.0,1,-1.0
2389030,0.0,1,-1.0
2389076,0.0,1,-1.0
2389114,0.0,1,-1.0
2389140,0.0,1,-1.0
2389168,0.0,1,-1.0
2389277,0.0,1,-1.0
2389289,0.0,1,-1.0
2389450,0.0,1,-1.0
2389560,0.0,1,-1.0
2389575,0.0,1,-1.0
2389620,0.0,1,-1.0
2389629,0.0,1,-1.0
2389722,0.0,1,-1.0
2389772,0.95,0,95.0
2389875,0.89,0,89.0
2389935,0.0,1,-1.0
2389999,0.0,1,-1.0
2390000,0.85,0,85.0
2390105,0.0,1,-1.0
2390117,0.0,1,-1.0
2390206,0.0,1,-1.0
2390291,0.0,1,-1.0
2390314,0.0,1,-1.0
2390406,0.82,0,82.0
2390427,0.0,1,-1.0
2390486,0.0,1,-1.0
2390532,0.0,1,-1.0
2390554,0.0,1,-1.0
2390616,0.0,1,-1.0
2390618,0.0,1,-1.0
2390626,0.0,1,-1.0
2390643,0.0,1,-1.0
2390775,0.0,1,-1.0
2390778,0.0,1,-1.0
2390784,0.0,1,-1.0
2390948,0.0,1,-1.0
2391011,0.0,1,-1.0
2391023,0.0,1,-1.0
2391327,0.0,1,-1.0
2391353,0.0,1,-1.0
2391361,0.0,1,-1.0
2391366,0.0,1,-1.0
2391397,0.0,1,-1.0
2391436,0.0,1,-1.0
2391555,0.0,1,-1.0
2391590,0.0,1,-1.0
2391696,0.0,1,-1.0
2391710,0.0,1,-1.0
2391722,0.0,1,-1.0
2391766,0.0,1,-1.0
2391820,0.0,1,-1.0
2391982,0.0,1,-1.0
2392003,0.0,1,-1.0
2392073,0.0,1,-1.0
2392079,0.0,1,-1.0
2392198,0.84,0,84.0
2392218,0.0,1,-1.0
2392242,0.0,1,-1.0
2392247,0.0,1,-1.0
2392377,0.0,1,-1.0
2392517,0.82,0,82.0
2392538,0.0,1,-1.0
2392546,0.0,1,-1.0
2392557,0.0,1,-1.0
2392560,0.0,1,-1.0
2392588,0.0,1,-1.0
2392692,0.0,1,-1.0
2392730,0.0,1,-1.0
2392751,0.0,1,-1.0
2392763,0.0,1,-1.0
2392799,0.0,1,-1.0
2392824,0.0,1,-1.0
2392825,0.0,1,-1.0
2392841,0.0,1,-1.0
2392851,0.0,1,-1.0
2392863,0.0,1,-1.0
2392920,0.0,1,-1.0
2393085,0.0,1,-1.0
2393121,0.0,1,-1.0
2393231,0.0,1,-1.0
2393266,0.0,1,-1.0
2393554,0.0,1,-1.0
2393687,0.0,1,-1.0
2393784,0.88,0,88.0
2393835,0.0,1,-1.0
2393987,0.0,1,-1.0
2394059,0.0,1,-1.0
2394163,0.0,1,-1.0
2394188,0.0,1,-1.0
2394233,0.0,1,-1.0
2394295,0.0,1,-1.0
2394307,0.0,1,-1.0
2394308,0.0,1,-1.0
2394318,0.0,1,-1.0
2394341,0.0,1,-1.0
2394423,0.0,1,-1.0
2394439,0.0,1,-1.0
2394479,0.0,1,-1.0
2394499,0.0,1,-1.0
2394501,0.0,1,-1.0
2394567,0.0,1,-1.0
2394589,0.0,1,-1.0
2394646,0.0,1,-1.0
2394668,0.0,1,-1.0
2394685,0.0,1,-1.0
2394708,0.0,1,-1.0
2394752,0.0,1,-1.0
2394772,0.0,1,-1.0
2394789,0.0,1,-1.0
2394821,0.0,1,-1.0
2394888,0.0,1,-1.0
2395056,0.0,1,-1.0
2395083,0.0,1,-1.0
2395134,0.0,1,-1.0
2395287,0.0,1,-1.0
2395331,0.0,1,-1.0
2395385,0.0,1,-1.0
2395477,0.74,0,74.0
2395521,0.0,1,-1.0
2395660,0.0,1,-1.0
2395718,0.0,1,-1.0
2395797,0.0,1,-1.0
2395930,0.76,0,76.0
2395939,0.0,1,-1.0
2396040,0.0,1,-1.0
2396092,0.0,1,-1.0
2396110,0.0,1,-1.0
2396177,0.0,1,-1.0
2396180,0.0,1,-1.0
2396189,0.0,1,-1.0
2396191,0.0,1,-1.0
2396192,0.0,1,-1.0
2396203,0.0,1,-1.0
2396317,0.0,1,-1.0
2396363,0.0,1,-1.0
2396463,0.0,1,-1.0
2396493,0.0,1,-1.0
2396496,0.0,1,-1.0
2396560,0.0,1,-1.0
2396563,0.84,0,84.0
2396581,0.0,1,-1.0
2396675,0.8,0,80.0
2396806,0.0,1,-1.0
2396834,0.0,1,-1.0
2396839,0.83,0,83.0
2396848,0.0,1,-1.0
2396921,0.0,1,-1.0
2396929,0.0,1,-1.0
2396940,0.0,1,-1.0
2396958,0.0,1,-1.0
2396985,0.82,0,82.0
2397080,0.0,1,-1.0
2397089,0.0,1,-1.0
2397181,0.0,1,-1.0
2397211,0.0,1,-1.0
2397227,0.0,1,-1.0
2397269,0.0,1,-1.0
2397283,0.0,1,-1.0
2397322,0.0,1,-1.0
2397416,0.0,1,-1.0
2397560,0.78,0,78.0
2397637,0.0,1,-1.0
2397650,0.0,1,-1.0
2397738,0.0,1,-1.0
2397749,0.0,1,-1.0
2397779,0.0,1,-1.0
2397793,0.0,1,-1.0
2397846,0.87,0,87.0
2397913,0.77,0,77.0
2397980,0.74,0,74.0
2397983,0.0,1,-1.0
2397987,0.0,1,-1.0
2398002,0.0,1,-1.0
2398045,0.0,1,-1.0
2398091,0.0,1,-1.0
2398097,0.0,1,-1.0
2398123,0.0,1,-1.0
2398152,0.88,0,88.0
2398161,0.0,1,-1.0
2398175,0.8,0,80.0
2398193,0.0,1,-1.0
2398194,0.0,1,-1.0
2398216,0.0,1,-1.0
2398217,0.0,1,-1.0
2398235,0.0,1,-1.0
2398290,0.0,1,-1.0
2398316,0.0,1,-1.0
2398331,0.0,1,-1.0
2398356,0.0,1,-1.0
2398535,0.0,1,-1.0
2398548,0.0,1,-1.0
2398600,0.0,1,-1.0
2398619,0.0,1,-1.0
2398645,0.78,0,78.0
2398661,0.0,1,-1.0
2398674,0.0,1,-1.0
2398679,0.0,1,-1.0
2398833,0.0,1,-1.0
2398839,0.0,1,-1.0
2398891,0.0,1,-1.0
2398902,0.0,1,-1.0
2399007,0.98,0,98.0
2399133,0.0,1,-1.0
2399213,0.0,1,-1.0
2399247,0.0,1,-1.0
2399271,0.0,1,-1.0
2399303,0.0,1,-1.0
2399317,0.99,0,99.0
2399330,0.0,1,-1.0
2399428,0.0,1,-1.0
2399445,0.0,1,-1.0
2399476,0.0,1,-1.0
2399527,0.0,1,-1.0
2399579,0.0,1,-1.0
2399587,0.0,1,-1.0
2399611,0.0,1,-1.0
2399634,0.0,1,-1.0
2399685,0.89,0,89.0
2399708,0.0,1,-1.0
2399721,0.92,0,92.0
2399755,0.0,1,-1.0
2399799,0.8,0,80.0
2399864,0.0,1,-1.0
2399920,0.0,1,-1.0
2400198,0.0,1,-1.0
2400202,0.0,1,-1.0
2400242,0.0,1,-1.0
2400287,0.75,0,75.0
2400313,0.0,1,-1.0
2400406,0.0,1,-1.0
2400430,0.0,1,-1.0
2400439,0.0,1,-1.0
2400488,0.0,1,-1.0
2400630,0.0,1,-1.0
2400685,0.0,1,-1.0
2400769,0.0,1,-1.0
2400793,0.0,1,-1.0
2400801,0.0,1,-1.0
2400838,0.78,0,78.0
2400856,0.0,1,-1.0
2400870,0.0,1,-1.0
2400925,0.0,1,-1.0
2400995,0.0,1,-1.0
2401005,0.0,1,-1.0
2401023,0.76,0,76.0
2401027,0.0,1,-1.0
2401028,0.0,1,-1.0
2401094,0.0,1,-1.0
2401200,0.0,1,-1.0
2401345,0.0,1,-1.0
2401380,0.0,1,-1.0
2401400,1.0,0,100.0
2401448,0.83,0,83.0
2401564,0.82,0,82.0
2401568,0.0,1,-1.0
2401595,0.0,1,-1.0
2401598,0.77,0,77.0
2401742,0.0,1,-1.0
2401743,0.0,1,-1.0
2401792,0.0,1,-1.0
2401894,0.0,1,-1.0
2401924,0.89,0,89.0
2401928,0.0,1,-1.0
2401932,0.0,1,-1.0
2401935,0.0,1,-1.0
2401955,0.97,0,97.0
2401981,0.0,1,-1.0
2402291,0.0,1,-1.0
2402294,0.0,1,-1.0
2402336,0.0,1,-1.0
2402353,0.0,1,-1.0
2402397,0.0,1,-1.0
2402523,0.0,1,-1.0
2402551,0.0,1,-1.0
2402558,0.0,1,-1.0
2402563,0.0,1,-1.0
2402602,0.0,1,-1.0
2402629,0.0,1,-1.0
2402633,0.7,0,70.0
2402643,0.84,0,84.0
2402681,0.0,1,-1.0
2402683,0.0,1,-1.0
2402764,0.0,1,-1.0
2402786,0.0,1,-1.0
2402850,0.0,1,-1.0
2402854,0.0,1,-1.0
2402856,0.85,0,85.0
2402910,0.94,0,94.0
2403084,0.0,1,-1.0
2403130,0.0,1,-1.0
2403176,0.0,1,-1.0
2403199,0.0,1,-1.0
2403259,0.0,1,-1.0
2403275,0.0,1,-1.0
2403341,0.0,1,-1.0
2403346,0.89,0,89.0
2403370,0.81,0,81.0
2403401,0.0,1,-1.0
2403508,0.0,1,-1.0
2403583,0.0,1,-1.0
2403653,0.0,1,-1.0
2403748,0.0,1,-1.0
2403811,0.85,0,85.0
2403824,0.0,1,-1.0
2403831,0.0,1,-1.0
2403845,0.0,1,-1.0
2403893,0.0,1,-1.0
2403968,0.0,1,-1.0
2403976,0.0,1,-1.0
2404005,0.0,1,-1.0
2404025,0.0,1,-1.0
2404051,0.0,1,-1.0
2404052,0.77,0,77.0
2404053,0.0,1,-1.0
2404090,0.0,1,-1.0
2404211,0.0,1,-1.0
2404218,0.0,1,-1.0
2404295,0.0,1,-1.0
2404307,0.0,1,-1.0
2404357,0.0,1,-1.0
2404379,0.0,1,-1.0
2404394,0.0,1,-1.0
2404468,0.0,1,-1.0
2404580,0.0,1,-1.0
2404637,0.0,1,-1.0
2404680,0.0,1,-1.0
2404689,0.0,1,-1.0
2404806,0.0,1,-1.0
2404815,0.0,1,-1.0
2404833,0.0,1,-1.0
2404917,0.0,1,-1.0
2404982,0.0,1,-1.0
2405039,0.0,1,-1.0
2405052,0.0,1,-1.0
2405128,0.0,1,-1.0
2405147,0.0,1,-1.0
2405281,0.0,1,-1.0
2405409,0.0,1,-1.0
2405519,0.0,1,-1.0
2405526,0.0,1,-1.0
2405527,0.0,1,-1.0
2405544,0.0,1,-1.0
2405567,0.0,1,-1.0
2405583,0.76,0,76.0
2405616,0.0,1,-1.0
2405632,0.0,1,-1.0
2405642,0.0,1,-1.0
2405666,0.0,1,-1.0
2405668,0.0,1,-1.0
2405698,0.66,0,66.0
2405708,0.0,1,-1.0
2405737,0.0,1,-1.0
2405742,0.0,1,-1.0
2405760,0.0,1,-1.0
2405788,0.0,1,-1.0
2405892,0.77,0,77.0
2405930,0.0,1,-1.0
2405931,0.0,1,-1.0
2405974,0.0,1,-1.0
2406014,0.0,1,-1.0
2406043,0.0,1,-1.0
2406133,0.8,0,80.0
2406156,0.0,1,-1.0
2406157,0.0,1,-1.0
2406206,0.0,1,-1.0
2406352,0.0,1,-1.0
2406397,0.0,1,-1.0
2406398,0.0,1,-1.0
2406421,0.0,1,-1.0
2406449,0.0,1,-1.0
2406463,0.0,1,-1.0
2406576,0.8,0,80.0
2406656,0.0,1,-1.0
2406664,0.84,0,84.0
2406764,0.0,1,-1.0
2406855,0.0,1,-1.0
2406863,0.0,1,-1.0
2406867,0.0,1,-1.0
2406891,0.0,1,-1.0
2406934,0.0,1,-1.0
2406943,0.0,1,-1.0
2407014,0.0,1,-1.0
2407019,0.82,0,82.0
2407028,0.9,0,90.0
2407081,0.0,1,-1.0
2407114,0.0,1,-1.0
2407143,0.0,1,-1.0
2407199,0.0,1,-1.0
2407205,0.0,1,-1.0
2407211,0.0,1,-1.0
2407264,0.0,1,-1.0
2407340,0.0,1,-1.0
2407499,0.0,1,-1.0
2407522,0.0,1,-1.0
2407563,0.78,0,78.0
2407716,0.75,0,75.0
2407783,0.0,1,-1.0
2407833,0.0,1,-1.0
2407868,0.0,1,-1.0
2407883,0.0,1,-1.0
2407884,0.0,1,-1.0
2407906,0.0,1,-1.0
2407909,0.0,1,-1.0
2407920,0.0,1,-1.0
2407922,0.0,1,-1.0
2408001,0.0,1,-1.0
2408077,0.0,1,-1.0
2408086,0.0,1,-1.0
2408109,0.0,1,-1.0
2408120,0.0,1,-1.0
2408201,0.0,1,-1.0
2408304,0.0,1,-1.0
2408331,0.0,1,-1.0
2408484,0.0,1,-1.0
2408528,0.0,1,-1.0
2408569,0.0,1,-1.0
2408572,0.0,1,-1.0
2408593,0.0,1,-1.0
2408623,0.95,0,95.0
2408716,0.0,1,-1.0
2408721,0.0,1,-1.0
2408754,0.0,1,-1.0
2408790,0.0,1,-1.0
2408794,0.0,1,-1.0
2408824,0.0,1,-1.0
2408836,0.0,1,-1.0
2408887,0.0,1,-1.0
2408888,0.0,1,-1.0
2408997,0.0,1,-1.0
2409027,0.0,1,-1.0
2409058,0.0,1,-1.0
2409080,0.0,1,-1.0
2409087,0.0,1,-1.0
2409126,0.0,1,-1.0
2409153,0.0,1,-1.0
2409154,0.0,1,-1.0
2409198,0.0,1,-1.0
2409201,0.0,1,-1.0
2409208,0.84,0,84.0
2409232,0.0,1,-1.0
2409252,0.0,1,-1.0
2409336,0.0,1,-1.0
2409340,0.0,1,-1.0
2409353,0.0,1,-1.0
2409358,0.0,1,-1.0
2409360,0.0,1,-1.0
2409391,0.0,1,-1.0
2409406,0.0,1,-1.0
2409418,0.0,1,-1.0
2409459,0.0,1,-1.0
2409484,0.0,1,-1.0
2409563,0.9,0,90.0
2409566,0.89,0,89.0
2409623,0.0,1,-1.0
2409649,0.83,0,83.0
2409654,0.0,1,-1.0
2409733,0.0,1,-1.0
2409754,0.0,1,-1.0
2409772,0.0,1,-1.0
2409778,0.75,0,75.0
2409802,0.0,1,-1.0
2409817,0.0,1,-1.0
2409881,0.0,1,-1.0
2409982,0.0,1,-1.0
2410020,0.0,1,-1.0
2410048,0.0,1,-1.0
2410061,0.88,0,88.0
2410075,0.0,1,-1.0
2410094,0.0,1,-1.0
2410205,0.0,1,-1.0
2410228,0.0,1,-1.0
2410246,0.91,0,91.0
2410285,0.8,0,80.0
2410373,0.0,1,-1.0
2410385,0.0,1,-1.0
2410395,0.0,1,-1.0
2410410,0.0,1,-1.0
2410465,0.0,1,-1.0
2410593,0.0,1,-1.0
2410811,0.82,0,82.0
2410843,0.0,1,-1.0
2410899,0.81,0,81.0
2410907,0.0,1,-1.0
2410920,0.86,0,86.0
2410946,0.0,1,-1.0
2410955,0.0,1,-1.0
2410958,0.0,1,-1.0
2410959,0.0,1,-1.0
2411019,0.0,1,-1.0
2411029,0.0,1,-1.0
2411096,0.0,1,-1.0
2411115,0.82,0,82.0
2411125,0.0,1,-1.0
2411216,0.0,1,-1.0
2411233,0.85,0,85.0
2411236,0.82,0,82.0
2411300,0.0,1,-1.0
2411410,0.0,1,-1.0
2411445,0.0,1,-1.0
2411547,0.0,1,-1.0
2411559,0.0,1,-1.0
2411598,0.0,1,-1.0
2411629,0.0,1,-1.0
2411746,0.85,0,85.0
2411749,0.0,1,-1.0
2411782,0.0,1,-1.0
2411834,0.0,1,-1.0
2411887,0.0,1,-1.0
2411954,0.9,0,90.0
2411958,0.0,1,-1.0
2411961,0.0,1,-1.0
2411968,0.0,1,-1.0
2411972,0.79,0,79.0
2411980,0.0,1,-1.0
2412080,0.0,1,-1.0
2412168,0.0,1,-1.0
2412195,0.0,1,-1.0
2412198,0.0,1,-1.0
2412227,0.0,1,-1.0
2412251,0.0,1,-1.0
2412355,0.0,1,-1.0
2412375,0.0,1,-1.0
2412428,0.0,1,-1.0
2412441,0.9,0,90.0
2412478,0.0,1,-1.0
2412584,0.0,1,-1.0
2412587,0.86,0,86.0
2412594,0.84,0,84.0
2412624,0.0,1,-1.0
2412700,0.0,1,-1.0
2412740,0.0,1,-1.0
2412775,0.0,1,-1.0
2412839,0.0,1,-1.0
2412852,0.79,0,79.0
2412855,0.0,1,-1.0
2412911,0.0,1,-1.0
2412950,0.0,1,-1.0
2413067,0.0,1,-1.0
2413127,0.0,1,-1.0
2413187,0.0,1,-1.0
2413212,0.0,1,-1.0
2413341,0.0,1,-1.0
2413433,0.0,1,-1.0
2413449,0.0,1,-1.0
2413466,0.0,1,-1.0
2413470,0.82,0,82.0
2413531,0.0,1,-1.0
2413555,0.0,1,-1.0
2413571,0.0,1,-1.0
2413578,0.0,1,-1.0
2413618,0.0,1,-1.0
2413620,0.0,1,-1.0
2413629,0.0,1,-1.0
2413665,0.0,1,-1.0
2413682,0.0,1,-1.0
2413686,0.0,1,-1.0
2413712,0.0,1,-1.0
2413756,0.0,1,-1.0
2413772,0.0,1,-1.0
2413775,0.0,1,-1.0
2413827,0.0,1,-1.0
2413849,0.0,1,-1.0
2413888,0.0,1,-1.0
2413947,0.0,1,-1.0
2413982,0.0,1,-1.0
2413985,0.0,1,-1.0
2414013,0.0,1,-1.0
2414052,0.0,1,-1.0
2414058,0.0,1,-1.0
2414145,0.0,1,-1.0
2414160,0.0,1,-1.0
2414207,0.0,1,-1.0
2414214,0.0,1,-1.0
2414241,0.0,1,-1.0
2414282,0.0,1,-1.0
2414285,0.0,1,-1.0
2414293,0.0,1,-1.0
2414309,0.0,1,-1.0
2414337,0.0,1,-1.0
2414375,0.81,0,81.0
2414404,0.0,1,-1.0
2414438,0.0,1,-1.0
2414452,0.0,1,-1.0
2414504,0.0,1,-1.0
2414525,0.99,0,99.0
2414595,0.83,0,83.0
2414600,0.93,0,93.0
2414618,0.0,1,-1.0
2414657,0.0,1,-1.0
2414682,0.82,0,82.0
2414709,0.0,1,-1.0
2414721,0.0,1,-1.0
2414743,0.0,1,-1.0
2414869,0.0,1,-1.0
2414878,0.0,1,-1.0
2414883,0.0,1,-1.0
2414912,0.0,1,-1.0
2415074,0.0,1,-1.0
2415077,0.0,1,-1.0
2415120,0.0,1,-1.0
2415123,0.0,1,-1.0
2415133,0.0,1,-1.0
2415140,0.0,1,-1.0
2415152,0.0,1,-1.0
2415163,0.0,1,-1.0
2415271,0.0,1,-1.0
2415290,0.0,1,-1.0
2415341,0.96,0,96.0
2415343,0.0,1,-1.0
2415440,0.0,1,-1.0
2415458,0.0,1,-1.0
2415465,0.0,1,-1.0
2415482,0.0,1,-1.0
2415511,0.0,1,-1.0
2415512,0.92,0,92.0
2415523,0.0,1,-1.0
2415539,0.81,0,81.0
2415596,0.0,1,-1.0
2415615,0.0,1,-1.0
2415617,0.0,1,-1.0
2415618,0.0,1,-1.0
2415651,0.81,0,81.0
2415733,0.8,0,80.0
2415748,0.0,1,-1.0
2415870,0.0,1,-1.0
2416085,0.0,1,-1.0
2416087,0.0,1,-1.0
2416088,0.0,1,-1.0
2416212,0.0,1,-1.0
2416217,0.0,1,-1.0
2416276,0.0,1,-1.0
2416424,0.0,1,-1.0
2416448,0.0,1,-1.0
2416452,0.0,1,-1.0
2416497,0.0,1,-1.0
2416560,0.82,0,82.0
2416579,0.0,1,-1.0
2416581,0.0,1,-1.0
2416602,0.0,1,-1.0
2416618,0.0,1,-1.0
2416642,0.0,1,-1.0
2416645,0.0,1,-1.0
2416648,0.0,1,-1.0
2416709,0.0,1,-1.0
2416710,0.0,1,-1.0
2416741,0.0,1,-1.0
2416772,0.0,1,-1.0
2416806,0.0,1,-1.0
2416818,0.8,0,80.0
2416846,0.0,1,-1.0
2416880,0.0,1,-1.0
2416887,0.0,1,-1.0
2416898,0.0,1,-1.0
2416937,0.0,1,-1.0
2417045,0.0,1,-1.0
2417093,0.0,1,-1.0
2417169,0.0,1,-1.0
2417263,0.0,1,-1.0
2417272,0.0,1,-1.0
2417318,0.88,0,88.0
2417330,0.0,1,-1.0
2417353,0.0,1,-1.0
2417384,0.0,1,-1.0
2417385,0.0,1,-1.0
2417396,0.86,0,86.0
2417415,0.0,1,-1.0
2417436,0.0,1,-1.0
2417473,0.0,1,-1.0
2417499,0.91,0,91.0
2417519,0.0,1,-1.0
2417800,0.0,1,-1.0
2417820,0.0,1,-1.0
2417865,0.0,1,-1.0
2417870,0.0,1,-1.0
2417879,0.0,1,-1.0
2417908,0.0,1,-1.0
2417912,0.0,1,-1.0
2417962,0.88,0,88.0
2417965,0.0,1,-1.0
2417971,0.0,1,-1.0
2418052,0.0,1,-1.0
2418054,0.87,0,87.0
2418055,0.0,1,-1.0
2418067,0.0,1,-1.0
2418151,0.84,0,84.0
2418286,0.0,1,-1.0
2418294,0.0,1,-1.0
2418299,0.0,1,-1.0
2418339,0.0,1,-1.0
2418506,0.0,1,-1.0
2418547,0.0,1,-1.0
2418585,0.81,0,81.0
2418587,0.0,1,-1.0
2418612,0.0,1,-1.0
2418620,0.0,1,-1.0
2418796,0.0,1,-1.0
2418824,0.0,1,-1.0
2418825,0.0,1,-1.0
2418878,0.0,1,-1.0
2418931,0.0,1,-1.0
2419020,0.0,1,-1.0
2419086,0.88,0,88.0
2419126,0.0,1,-1.0
2419180,0.0,1,-1.0
2419243,0.0,1,-1.0
2419304,0.0,1,-1.0
2419327,0.0,1,-1.0
2419363,0.0,1,-1.0
2419439,0.0,1,-1.0
2419459,0.0,1,-1.0
2419489,0.0,1,-1.0
2419579,0.0,1,-1.0
2419601,0.0,1,-1.0
2419719,0.0,1,-1.0
2419753,0.0,1,-1.0
2419783,0.0,1,-1.0
2419890,0.0,1,-1.0
2419934,0.0,1,-1.0
2420076,0.0,1,-1.0
2420130,0.0,1,-1.0
2420150,0.0,1,-1.0
2420157,0.0,1,-1.0
2420160,0.0,1,-1.0
2420184,0.0,1,-1.0
2420202,0.0,1,-1.0
2420257,0.0,1,-1.0
2420416,0.0,1,-1.0
2420459,0.0,1,-1.0
2420528,0.81,0,81.0
2420584,0.0,1,-1.0
2420616,0.0,1,-1.0
2420646,0.0,1,-1.0
2420712,0.0,1,-1.0
2420758,0.0,1,-1.0
2420776,0.0,1,-1.0
2420829,0.0,1,-1.0
2420989,0.0,1,-1.0
2420995,0.0,1,-1.0
2421001,0.83,0,83.0
2421058,0.0,1,-1.0
2421069,0.0,1,-1.0
2421085,0.0,1,-1.0
2421088,0.0,1,-1.0
2421151,0.0,1,-1.0
2421172,0.0,1,-1.0
2421230,0.94,0,94.0
2421253,0.0,1,-1.0
2421343,0.0,1,-1.0
2421376,0.0,1,-1.0
2421404,0.0,1,-1.0
2421451,0.0,1,-1.0
2421461,0.0,1,-1.0
2421613,0.0,1,-1.0
2421757,0.0,1,-1.0
2421802,0.79,0,79.0
2421880,0.0,1,-1.0
2421889,0.0,1,-1.0
2422008,0.0,1,-1.0
2422037,0.0,1,-1.0
2422130,0.0,1,-1.0
2422167,0.0,1,-1.0
2422168,0.0,1,-1.0
2422170,0.0,1,-1.0
2422285,0.0,1,-1.0
2422409,0.88,0,88.0
2422417,0.98,0,98.0
2422451,0.0,1,-1.0
2422453,0.0,1,-1.0
2422520,0.0,1,-1.0
2422629,0.0,1,-1.0
2422632,0.0,1,-1.0
2422641,0.78,0,78.0
2422643,0.0,1,-1.0
2422657,0.0,1,-1.0
2422673,0.0,1,-1.0
2422679,0.0,1,-1.0
2422712,0.7,0,70.0
2422713,0.0,1,-1.0
2422719,0.0,1,-1.0
2422729,0.82,0,82.0
2422857,0.76,0,76.0
2422909,0.79,0,79.0
2422923,0.0,1,-1.0
2423127,0.0,1,-1.0
2423141,0.0,1,-1.0
2423187,0.0,1,-1.0
2423282,0.0,1,-1.0
2423316,0.0,1,-1.0
2423323,0.0,1,-1.0
2423339,0.0,1,-1.0
2423551,0.0,1,-1.0
2423562,0.0,1,-1.0
2423565,0.0,1,-1.0
2423619,0.0,1,-1.0
2423777,0.0,1,-1.0
2423834,0.0,1,-1.0
2423895,0.0,1,-1.0
2423995,0.0,1,-1.0
2424018,0.0,1,-1.0
2424144,0.0,1,-1.0
2424164,0.0,1,-1.0
2424244,0.83,0,83.0
2424278,0.0,1,-1.0
2424402,0.0,1,-1.0
2424415,0.0,1,-1.0
2424421,0.0,1,-1.0
2424477,0.76,0,76.0
2424497,0.0,1,-1.0
2424499,0.0,1,-1.0
2424659,0.0,1,-1.0
2424719,0.0,1,-1.0
2424736,0.0,1,-1.0
2424752,0.0,1,-1.0
2424755,0.0,1,-1.0
2424765,0.0,1,-1.0
2424794,0.0,1,-1.0
2424798,0.0,1,-1.0
2424875,0.0,1,-1.0
2424881,0.0,1,-1.0
2424945,0.77,0,77.0
2425153,0.0,1,-1.0
2425178,0.88,0,88.0
2425183,0.89,0,89.0
2425204,0.82,0,82.0
2425209,0.0,1,-1.0
2425236,0.0,1,-1.0
2425335,0.0,1,-1.0
2425570,0.0,1,-1.0
2425620,0.0,1,-1.0
2425713,0.0,1,-1.0
2425839,0.0,1,-1.0
2425857,0.0,1,-1.0
2425968,0.0,1,-1.0
2425980,0.0,1,-1.0
2426001,0.0,1,-1.0
2426064,0.0,1,-1.0
2426106,0.0,1,-1.0
2426123,0.0,1,-1.0
2426124,0.0,1,-1.0
2426125,0.0,1,-1.0
2426191,0.0,1,-1.0
2426280,0.0,1,-1.0
2426560,0.0,1,-1.0
2426562,0.0,1,-1.0
2426565,0.76,0,76.0
2426645,0.0,1,-1.0
2426703,0.85,0,85.0
2426747,0.0,1,-1.0
2426752,0.0,1,-1.0
2426770,0.97,0,97.0
2426789,0.0,1,-1.0
2426794,0.0,1,-1.0
2426840,0.0,1,-1.0
2426849,0.0,1,-1.0
2426888,0.0,1,-1.0
2426911,0.0,1,-1.0
2426920,0.0,1,-1.0
2426923,0.0,1,-1.0
2426970,0.0,1,-1.0
2426986,0.0,1,-1.0
2427063,0.0,1,-1.0
2427358,0.0,1,-1.0
2427421,0.0,1,-1.0
2427424,0.0,1,-1.0
2427488,0.0,1,-1.0
2427510,0.87,0,87.0
2427555,0.0,1,-1.0
2427594,0.0,1,-1.0
2427627,0.0,1,-1.0
2427633,0.0,1,-1.0
2427751,0.0,1,-1.0
2427831,0.0,1,-1.0
2427855,0.0,1,-1.0
2427994,0.0,1,-1.0
2428037,0.0,1,-1.0
2428045,0.0,1,-1.0
2428143,0.0,1,-1.0
2428171,0.0,1,-1.0
2428178,0.0,1,-1.0
2428207,0.0,1,-1.0
2428325,0.0,1,-1.0
2428350,0.0,1,-1.0
2428380,0.87,0,87.0
2428388,0.0,1,-1.0
2428401,0.0,1,-1.0
2428563,0.0,1,-1.0
2428564,0.0,1,-1.0
2428597,0.0,1,-1.0
2428612,0.0,1,-1.0
2428669,0.0,1,-1.0
2428715,0.78,0,78.0
2428747,0.0,1,-1.0
2428819,0.0,1,-1.0
2428852,0.0,1,-1.0
2428861,0.0,1,-1.0
2428921,0.0,1,-1.0
2428940,0.0,1,-1.0
2428969,0.0,1,-1.0
2429067,0.0,1,-1.0
2429072,0.0,1,-1.0
2429074,0.0,1,-1.0
2429089,0.0,1,-1.0
2429217,0.0,1,-1.0
2429324,0.0,1,-1.0
2429353,0.84,0,84.0
2429437,0.0,1,-1.0
2429456,0.0,1,-1.0
2429479,0.0,1,-1.0
2429571,0.0,1,-1.0
2429646,0.0,1,-1.0
2429666,0.0,1,-1.0
2429731,0.0,1,-1.0
2429734,0.0,1,-1.0
2429740,0.0,1,-1.0
2429743,0.0,1,-1.0
2429745,0.0,1,-1.0
2429753,0.0,1,-1.0
2429835,0.0,1,-1.0
2429855,0.0,1,-1.0
2429875,0.76,0,76.0
2429902,0.0,1,-1.0
2429934,0.0,1,-1.0
2429990,0.0,1,-1.0
2430106,0.0,1,-1.0
2430129,0.0,1,-1.0
2430160,0.0,1,-1.0
2430292,0.0,1,-1.0
2430310,0.0,1,-1.0
2430422,0.0,1,-1.0
2430489,0.0,1,-1.0
2430517,0.0,1,-1.0
2430596,0.0,1,-1.0
2430616,0.0,1,-1.0
2430624,0.0,1,-1.0
2430663,0.0,1,-1.0
2430687,0.82,0,82.0
2430788,0.0,1,-1.0
2430799,0.0,1,-1.0
2430806,0.0,1,-1.0
2430833,0.0,1,-1.0
2430841,0.0,1,-1.0
2430908,0.0,1,-1.0
2431083,0.0,1,-1.0
2431120,0.0,1,-1.0
2431165,0.0,1,-1.0
2431207,0.0,1,-1.0
2431217,0.0,1,-1.0
2431220,0.0,1,-1.0
2431233,0.0,1,-1.0
2431234,0.0,1,-1.0
2431271,0.0,1,-1.0
2431295,0.0,1,-1.0
2431418,0.0,1,-1.0
2431475,0.0,1,-1.0
2431586,0.0,1,-1.0
2431621,0.0,1,-1.0
2431652,0.0,1,-1.0
2431670,0.0,1,-1.0
2431697,0.0,1,-1.0
2431744,0.0,1,-1.0
2431810,0.0,1,-1.0
2431811,0.85,0,85.0
2431844,0.0,1,-1.0
2431901,0.0,1,-1.0
2431907,0.82,0,82.0
2431935,0.0,1,-1.0
2431947,0.0,1,-1.0
2432113,0.0,1,-1.0
2432126,0.0,1,-1.0
2432127,0.0,1,-1.0
2432161,0.0,1,-1.0
2432179,0.0,1,-1.0
2432200,0.0,1,-1.0
2432237,0.0,1,-1.0
2432284,0.0,1,-1.0
2432335,0.0,1,-1.0
2432375,0.0,1,-1.0
2432391,0.0,1,-1.0
2432437,0.0,1,-1.0
2432461,0.0,1,-1.0
2432463,0.0,1,-1.0
2432465,0.0,1,-1.0
2432575,0.0,1,-1.0
2432620,0.0,1,-1.0
2432887,0.0,1,-1.0
2432941,0.0,1,-1.0
2432951,0.0,1,-1.0
2432992,0.0,1,-1.0
2433000,0.0,1,-1.0
2433043,0.0,1,-1.0
2433045,0.0,1,-1.0
2433130,0.0,1,-1.0
2433149,0.0,1,-1.0
2433238,0.85,0,85.0
2433295,0.0,1,-1.0
2433410,0.0,1,-1.0
2433532,0.0,1,-1.0
2433536,0.84,0,84.0
2433572,0.0,1,-1.0
2433581,0.75,0,75.0
2433661,0.0,1,-1.0
2433670,0.0,1,-1.0
2433689,0.78,0,78.0
2433782,0.92,0,92.0
2433783,0.0,1,-1.0
2433809,0.0,1,-1.0
2433904,0.0,1,-1.0
2433920,0.0,1,-1.0
2433948,0.8,0,80.0
2433961,0.0,1,-1.0
2434031,0.0,1,-1.0
2434038,0.0,1,-1.0
2434079,0.0,1,-1.0
2434190,0.0,1,-1.0
2434232,0.0,1,-1.0
2434296,0.0,1,-1.0
2434336,0.87,0,87.0
2434350,0.0,1,-1.0
2434358,0.0,1,-1.0
2434377,0.0,1,-1.0
2434485,0.0,1,-1.0
2434515,0.0,1,-1.0
2434531,0.82,0,82.0
2434532,0.0,1,-1.0
2434556,0.0,1,-1.0
2434624,0.0,1,-1.0
2434633,0.0,1,-1.0
2434638,0.0,1,-1.0
2434665,0.0,1,-1.0
2434670,0.0,1,-1.0
2434671,0.0,1,-1.0
2434692,0.0,1,-1.0
2434712,0.0,1,-1.0
2434740,0.0,1,-1.0
2434926,0.0,1,-1.0
2434954,0.0,1,-1.0
2434973,0.0,1,-1.0
2435057,0.0,1,-1.0
2435088,0.0,1,-1.0
2435093,0.0,1,-1.0
2435188,0.0,1,-1.0
2435234,0.0,1,-1.0
2435336,0.0,1,-1.0
2435372,0.0,1,-1.0
2435444,0.0,1,-1.0
2435450,0.0,1,-1.0
2435455,0.0,1,-1.0
2435487,0.0,1,-1.0
2435488,0.0,1,-1.0
2435493,0.0,1,-1.0
2435551,0.0,1,-1.0
2435601,0.78,0,78.0
2435672,0.0,1,-1.0
2435680,0.0,1,-1.0
2435705,0.0,1,-1.0
2435715,0.0,1,-1.0
2435750,0.0,1,-1.0
2435820,0.0,1,-1.0
2435856,0.0,1,-1.0
2435941,0.0,1,-1.0
2436082,0.0,1,-1.0
2436094,0.0,1,-1.0
2436130,0.0,1,-1.0
2436137,0.0,1,-1.0
2436145,0.0,1,-1.0
2436156,0.0,1,-1.0
2436157,0.0,1,-1.0
2436230,0.0,1,-1.0
2436253,0.0,1,-1.0
2436425,0.0,1,-1.0
2436461,0.0,1,-1.0
2436468,0.0,1,-1.0
2436479,0.0,1,-1.0
2436483,0.0,1,-1.0
2436490,0.0,1,-1.0
2436507,0.0,1,-1.0
2436509,0.0,1,-1.0
2436512,0.0,1,-1.0
2436544,0.0,1,-1.0
2436586,0.0,1,-1.0
2436599,0.88,0,88.0
2436642,0.0,1,-1.0
2436643,0.0,1,-1.0
2436684,0.0,1,-1.0
2436723,0.0,1,-1.0
2436736,0.0,1,-1.0
2436777,0.0,1,-1.0
2436803,0.0,1,-1.0
2436811,0.0,1,-1.0
2436831,0.0,1,-1.0
2436856,0.0,1,-1.0
2436865,0.93,0,93.0
2436872,0.0,1,-1.0
2436881,0.0,1,-1.0
2436885,0.0,1,-1.0
2436891,0.0,1,-1.0
2436919,0.0,1,-1.0
2436975,0.0,1,-1.0
2437015,0.0,1,-1.0
2437139,0.0,1,-1.0
2437143,0.0,1,-1.0
2437225,0.0,1,-1.0
2437231,0.0,1,-1.0
2437236,0.0,1,-1.0
2437270,0.0,1,-1.0
2437274,0.0,1,-1.0
2437283,0.0,1,-1.0
2437288,0.0,1,-1.0
2437308,0.0,1,-1.0
2437359,0.0,1,-1.0
2437401,0.0,1,-1.0
2437432,0.0,1,-1.0
2437434,0.0,1,-1.0
2437524,0.0,1,-1.0
2437601,0.0,1,-1.0
2437653,0.0,1,-1.0
2437703,0.0,1,-1.0
2437755,0.0,1,-1.0
2437793,0.0,1,-1.0
2437800,0.0,1,-1.0
2437854,0.0,1,-1.0
2437941,0.0,1,-1.0
2437946,0.0,1,-1.0
2438115,0.0,1,-1.0
2438254,0.0,1,-1.0
2438325,0.9,0,90.0
2438381,0.0,1,-1.0
2438416,0.0,1,-1.0
2438422,0.0,1,-1.0
2438427,0.0,1,-1.0
2438462,0.0,1,-1.0
2438463,0.0,1,-1.0
2438505,0.0,1,-1.0
2438578,0.0,1,-1.0
2438604,0.96,0,96.0
2438620,0.0,1,-1.0
2438632,0.0,1,-1.0
2438636,0.0,1,-1.0
2438641,0.0,1,-1.0
2438666,0.0,1,-1.0
2438671,0.0,1,-1.0
2438747,0.0,1,-1.0
2438788,0.86,0,86.0
2438889,0.0,1,-1.0
2438910,0.0,1,-1.0
2438929,0.0,1,-1.0
2439009,0.0,1,-1.0
2439051,0.0,1,-1.0
2439054,0.0,1,-1.0
2439078,0.0,1,-1.0
2439137,0.0,1,-1.0
2439165,0.0,1,-1.0
2439186,0.0,1,-1.0
2439192,0.0,1,-1.0
2439242,0.0,1,-1.0
2439250,0.0,1,-1.0
2439299,0.0,1,-1.0
2439306,0.0,1,-1.0
2439312,0.0,1,-1.0
2439348,0.83,0,83.0
2439350,0.0,1,-1.0
2439384,0.73,0,73.0
2439437,0.0,1,-1.0
2439492,0.0,1,-1.0
2439529,0.0,1,-1.0
2439580,0.0,1,-1.0
2439628,0.0,1,-1.0
2439648,0.0,1,-1.0
2439657,0.0,1,-1.0
2439694,0.0,1,-1.0
2439724,0.0,1,-1.0
2439735,0.0,1,-1.0
2439744,0.0,1,-1.0
2439752,0.0,1,-1.0
2439764,0.75,0,75.0
2439795,0.0,1,-1.0
2439802,0.0,1,-1.0
2439806,0.0,1,-1.0
2439819,0.0,1,-1.0
2439841,0.0,1,-1.0
2439859,0.0,1,-1.0
2439890,0.0,1,-1.0
2439901,0.0,1,-1.0
2439913,0.0,1,-1.0
2439926,0.0,1,-1.0
2439934,0.0,1,-1.0
2439961,0.0,1,-1.0
2439993,0.0,1,-1.0
2439997,0.0,1,-1.0
2440032,0.0,1,-1.0
2440056,0.0,1,-1.0
2440062,0.0,1,-1.0
2440066,0.0,1,-1.0
2440074,0.0,1,-1.0
2440076,0.79,0,79.0
2440090,0.0,1,-1.0
2440100,0.0,1,-1.0
2440147,0.0,1,-1.0
2440157,0.0,1,-1.0
2440161,0.0,1,-1.0
2440162,0.0,1,-1.0
2440180,0.0,1,-1.0
2440189,0.0,1,-1.0
2440205,0.0,1,-1.0
2440210,0.0,1,-1.0
2440223,0.0,1,-1.0
2440229,0.0,1,-1.0
2440254,0.0,1,-1.0
2440299,0.0,1,-1.0
2440303,0.0,1,-1.0
2440344,0.0,1,-1.0
2440362,0.0,1,-1.0
2440368,0.0,1,-1.0
2440400,0.0,1,-1.0
2440403,0.0,1,-1.0
2440416,0.0,1,-1.0
2440420,0.0,1,-1.0
2440432,0.0,1,-1.0
2440458,0.0,1,-1.0
2440480,0.0,1,-1.0
2440491,0.0,1,-1.0
2440508,0.0,1,-1.0
2440588,0.0,1,-1.0
2440633,0.0,1,-1.0
2440661,0.0,1,-1.0
2440698,0.0,1,-1.0
2440745,0.0,1,-1.0
2440754,0.0,1,-1.0
2440782,0.0,1,-1.0
2440813,0.0,1,-1.0
2440815,0.0,1,-1.0
2440822,0.0,1,-1.0
2440827,0.0,1,-1.0
2440831,0.0,1,-1.0
2440840,0.87,0,87.0
2440862,0.0,1,-1.0
2440880,0.0,1,-1.0
2440881,0.0,1,-1.0
2440882,0.0,1,-1.0
2440886,0.0,1,-1.0
2440933,0.0,1,-1.0
2440938,0.0,1,-1.0
2440966,0.0,1,-1.0
2440968,0.0,1,-1.0
2440979,0.0,1,-1.0
2440996,0.0,1,-1.0
2441001,0.95,0,95.0
2441039,0.0,1,-1.0
2441054,0.0,1,-1.0
2441097,0.0,1,-1.0
2441118,0.0,1,-1.0
2441124,0.0,1,-1.0
2441136,0.0,1,-1.0
2441143,0.0,1,-1.0
2441165,0.0,1,-1.0
2441175,0.0,1,-1.0
2441199,0.0,1,-1.0
2441213,0.0,1,-1.0
2441233,0.0,1,-1.0
2441238,0.0,1,-1.0
2441259,0.0,1,-1.0
2441260,0.0,1,-1.0
2441301,0.0,1,-1.0
2441310,0.0,1,-1.0
2441311,0.0,1,-1.0
2441315,0.0,1,-1.0
2441337,0.0,1,-1.0
2441343,0.0,1,-1.0
2441345,0.0,1,-1.0
2441351,0.0,1,-1.0
2441375,0.0,1,-1.0
2441379,0.0,1,-1.0
2441391,0.0,1,-1.0
2441400,0.0,1,-1.0
2441409,0.0,1,-1.0
2441420,0.0,1,-1.0
2441434,0.0,1,-1.0
2441444,0.0,1,-1.0
2441453,0.0,1,-1.0
2441477,0.0,1,-1.0
2441480,0.0,1,-1.0
2441523,0.0,1,-1.0
2441572,0.0,1,-1.0
2441578,0.0,1,-1.0
2441600,0.0,1,-1.0
2441621,0.0,1,-1.0
2441636,0.0,1,-1.0
2441639,0.0,1,-1.0
2441641,0.8,0,80.0
2441642,0.0,1,-1.0
2441650,0.0,1,-1.0
2441652,0.0,1,-1.0
2441655,0.0,1,-1.0
2441656,0.0,1,-1.0
2441681,0.0,1,-1.0
2441686,0.0,1,-1.0
2441693,0.0,1,-1.0
2441696,0.0,1,-1.0
2441707,0.0,1,-1.0
2441710,0.0,1,-1.0
2441720,0.0,1,-1.0
2441742,0.0,1,-1.0
2441752,0.0,1,-1.0
2441775,0.0,1,-1.0
2441795,0.0,1,-1.0
2441808,0.0,1,-1.0
2441809,0.0,1,-1.0
2441812,0.0,1,-1.0
2441830,0.0,1,-1.0
2441831,0.0,1,-1.0
2441835,0.0,1,-1.0
2441926,0.0,1,-1.0
2441932,0.0,1,-1.0
2441951,0.0,1,-1.0
2441974,0.0,1,-1.0
2441982,0.0,1,-1.0
2441995,0.0,1,-1.0
2442010,0.0,1,-1.0
2442015,0.0,1,-1.0
2442018,0.0,1,-1.0
2442028,0.0,1,-1.0
2442030,0.0,1,-1.0
2442032,0.0,1,-1.0
2442036,0.0,1,-1.0
2442039,0.0,1,-1.0
2442040,0.0,1,-1.0
2442048,0.0,1,-1.0
2442059,0.0,1,-1.0
2442070,0.0,1,-1.0
2442126,0.0,1,-1.0
2442138,0.0,1,-1.0
2442156,0.0,1,-1.0
2442166,0.0,1,-1.0
2442189,0.0,1,-1.0
2442193,0.0,1,-1.0
2442202,0.0,1,-1.0
2442206,0.0,1,-1.0
2442210,0.0,1,-1.0
2442217,0.0,1,-1.0
2442220,0.0,1,-1.0
2442223,0.0,1,-1.0
2442224,0.0,1,-1.0
2442234,0.0,1,-1.0
2442255,0.0,1,-1.0
2442263,0.0,1,-1.0
2442281,0.0,1,-1.0
2442282,0.0,1,-1.0
2442289,0.0,1,-1.0
2442296,0.0,1,-1.0
2442302,0.0,1,-1.0
2442303,0.0,1,-1.0
2442304,0.0,1,-1.0
2442305,0.0,1,-1.0
2442322,0.0,1,-1.0
2442326,0.0,1,-1.0
2442327,0.0,1,-1.0
2442332,0.0,1,-1.0
2442334,0.0,1,-1.0
2442336,0.0,1,-1.0
2442340,0.0,1,-1.0
2442347,0.0,1,-1.0
2442379,0.0,1,-1.0
2442381,0.0,1,-1.0
2442386,0.0,1,-1.0
2442404,0.0,1,-1.0
2442417,0.0,1,-1.0
2442516,0.0,1,-1.0
2442518,0.0,1,-1.0
2442519,0.0,1,-1.0
2442523,0.0,1,-1.0
2442525,0.0,1,-1.0
2442527,0.0,1,-1.0
2442550,0.0,1,-1.0
2442551,0.0,1,-1.0
2442560,0.0,1,-1.0
2442591,0.0,1,-1.0
2442592,0.0,1,-1.0
2442594,0.0,1,-1.0
2442599,0.0,1,-1.0
2442609,0.0,1,-1.0
2442610,0.0,1,-1.0
2442620,0.0,1,-1.0
2442630,0.0,1,-1.0
2442635,0.0,1,-1.0
2442656,0.0,1,-1.0
2442665,0.0,1,-1.0
2442667,0.0,1,-1.0
2442668,0.0,1,-1.0
2442675,0.0,1,-1.0
2442686,0.0,1,-1.0
2442717,0.0,1,-1.0
2442732,0.0,1,-1.0
2442733,0.0,1,-1.0
2442744,0.0,1,-1.0
2442750,0.0,1,-1.0
2442771,0.0,1,-1.0
2442779,0.0,1,-1.0
2442824,0.0,1,-1.0
2442891,0.0,1,-1.0
2442892,0.0,1,-1.0
2442929,0.0,1,-1.0
2442933,0.0,1,-1.0
2442950,0.0,1,-1.0
2442958,0.0,1,-1.0
2442968,0.0,1,-1.0
2442972,0.0,1,-1.0
2442992,0.0,1,-1.0
2443000,0.0,1,-1.0
2443027,0.0,1,-1.0
2443048,0.0,1,-1.0
2443077,0.0,1,-1.0
2443085,0.0,1,-1.0
2443122,0.0,1,-1.0
2443166,0.0,1,-1.0
2443168,0.0,1,-1.0
2443185,0.0,1,-1.0
2443186,0.0,1,-1.0
2443203,0.0,1,-1.0
2443204,0.0,1,-1.0
2443214,0.0,1,-1.0
2443242,0.0,1,-1.0
2443243,0.0,1,-1.0
2443247,0.0,1,-1.0
2443253,0.0,1,-1.0
2443276,0.0,1,-1.0
2443290,0.0,1,-1.0
2443302,0.0,1,-1.0
2443304,0.0,1,-1.0
2443309,0.0,1,-1.0
2443310,0.0,1,-1.0
2443311,0.0,1,-1.0
2443313,0.0,1,-1.0
2443314,0.0,1,-1.0
2443315,0.0,1,-1.0
2443329,0.0,1,-1.0
2443365,0.0,1,-1.0
2443370,0.0,1,-1.0
2443383,0.0,1,-1.0
2443396,0.0,1,-1.0
2443429,0.0,1,-1.0
2443432,0.0,1,-1.0
2443434,0.0,1,-1.0
2443447,0.0,1,-1.0
2443454,0.0,1,-1.0
2443455,0.0,1,-1.0
2443460,0.0,1,-1.0
2443474,0.0,1,-1.0
2443480,0.0,1,-1.0
2443486,0.0,1,-1.0
2443487,0.0,1,-1.0
2443498,0.0,1,-1.0
2443501,0.0,1,-1.0
2443546,0.0,1,-1.0
2443570,0.0,1,-1.0
2443573,0.0,1,-1.0
2443583,0.0,1,-1.0
2443586,0.0,1,-1.0
2443591,0.0,1,-1.0
2443619,0.0,1,-1.0
2443627,0.0,1,-1.0
2443631,0.0,1,-1.0
2443632,0.0,1,-1.0
2443638,0.0,1,-1.0
2443641,0.0,1,-1.0
2443642,0.0,1,-1.0
2443643,0.0,1,-1.0
2443677,0.0,1,-1.0
2443678,0.0,1,-1.0
2443679,0.0,1,-1.0
2443702,0.0,1,-1.0
2443711,0.0,1,-1.0
2443717,0.0,1,-1.0
2443731,0.0,1,-1.0
2443737,0.0,1,-1.0
2443738,0.0,1,-1.0
2443753,0.0,1,-1.0
2443764,0.0,1,-1.0
2443772,0.0,1,-1.0
2443779,0.0,1,-1.0
2443799,0.0,1,-1.0
2443803,0.0,1,-1.0
2443817,0.78,0,78.0
2443841,0.0,1,-1.0
2443851,0.0,1,-1.0
2443884,0.0,1,-1.0
2443888,0.0,1,-1.0
2443895,0.0,1,-1.0
2443902,0.0,1,-1.0
2443913,0.0,1,-1.0
2443930,0.0,1,-1.0
2443956,0.0,1,-1.0
2443958,0.0,1,-1.0
2443963,0.0,1,-1.0
2443976,0.0,1,-1.0
2443987,0.0,1,-1.0
2443988,0.0,1,-1.0
2443994,0.0,1,-1.0
2443996,0.0,1,-1.0
2444019,0.0,1,-1.0
2444020,0.0,1,-1.0
2444025,0.0,1,-1.0
2444037,0.0,1,-1.0
2444040,0.0,1,-1.0
2444043,0.0,1,-1.0
2444047,0.0,1,-1.0
2444055,0.0,1,-1.0
2444060,0.0,1,-1.0
2444069,0.0,1,-1.0
2444078,0.0,1,-1.0
2444080,0.0,1,-1.0
2444081,0.0,1,-1.0
2444084,0.0,1,-1.0
2444090,0.0,1,-1.0
2444129,0.0,1,-1.0
2444139,0.0,1,-1.0
2444140,0.0,1,-1.0
2444160,0.0,1,-1.0
2444161,0.0,1,-1.0
2444175,0.0,1,-1.0
2444177,0.0,1,-1.0
2444183,0.0,1,-1.0
2444198,0.0,1,-1.0
2444201,0.0,1,-1.0
2444210,0.0,1,-1.0
2444219,0.0,1,-1.0
2444237,0.0,1,-1.0
2444263,0.0,1,-1.0
2444279,0.0,1,-1.0
2444281,0.0,1,-1.0
2444289,0.0,1,-1.0
2444297,0.0,1,-1.0
2444306,0.0,1,-1.0
2444329,0.0,1,-1.0
2444331,0.0,1,-1.0
2444344,0.0,1,-1.0
2444354,0.0,1,-1.0
2444361,0.0,1,-1.0
2444394,0.0,1,-1.0
2444404,0.0,1,-1.0
2444407,0.0,1,-1.0
2444427,0.0,1,-1.0
2444428,0.0,1,-1.0
2444458,0.0,1,-1.0
2444469,0.0,1,-1.0
2444480,0.0,1,-1.0
2444504,0.0,1,-1.0
2444520,0.0,1,-1.0
2444524,0.0,1,-1.0
2444525,0.0,1,-1.0
2444528,0.0,1,-1.0
2444534,0.0,1,-1.0
2444544,0.0,1,-1.0
2444565,0.0,1,-1.0
2444583,0.0,1,-1.0
2444600,0.0,1,-1.0
2444614,0.0,1,-1.0
2444621,0.0,1,-1.0
2444624,0.0,1,-1.0
2444626,0.0,1,-1.0
2444671,0.0,1,-1.0
2444702,0.0,1,-1.0
2444719,0.0,1,-1.0
2444724,0.0,1,-1.0
2444728,0.0,1,-1.0
2444749,0.0,1,-1.0
2444785,0.0,1,-1.0
2444806,0.0,1,-1.0
2444830,0.0,1,-1.0
2444836,0.0,1,-1.0
2444842,0.0,1,-1.0
2444858,0.0,1,-1.0
2444870,0.0,1,-1.0
2444882,0.0,1,-1.0
2444883,0.0,1,-1.0
2444961,0.0,1,-1.0
2444976,0.0,1,-1.0
2444979,0.0,1,-1.0
2445002,0.0,1,-1.0
2445006,0.0,1,-1.0
2445021,0.0,1,-1.0
2445039,0.0,1,-1.0
2445054,0.0,1,-1.0
2445063,0.0,1,-1.0
2445109,0.0,1,-1.0
2445151,0.0,1,-1.0
2445178,0.0,1,-1.0
2445216,0.0,1,-1.0
2445247,0.0,1,-1.0
2445266,0.0,1,-1.0
2445292,0.0,1,-1.0
2445313,0.0,1,-1.0
2445324,0.0,1,-1.0
2445394,0.0,1,-1.0
2445420,0.76,0,76.0
2445454,0.0,1,-1.0
2445478,0.0,1,-1.0
2445494,0.0,1,-1.0
2445566,0.0,1,-1.0
2445704,0.0,1,-1.0
2445707,0.0,1,-1.0
2445770,0.0,1,-1.0
2445835,0.0,1,-1.0
2445862,0.0,1,-1.0
2445900,0.0,1,-1.0
2446050,0.0,1,-1.0
2446216,0.0,1,-1.0
2446218,0.0,1,-1.0
2446297,0.0,1,-1.0
2446330,0.0,1,-1.0
2446370,0.0,1,-1.0
2446374,0.0,1,-1.0
2446390,0.0,1,-1.0
2446402,0.0,1,-1.0
2446409,0.0,1,-1.0
2446415,0.0,1,-1.0
2446500,0.0,1,-1.0
2446656,0.77,0,77.0
2446707,0.0,1,-1.0
2446715,0.0,1,-1.0
2446768,0.0,1,-1.0
2446771,0.0,1,-1.0
2446785,0.0,1,-1.0
2446852,0.0,1,-1.0
2446958,0.0,1,-1.0
2447058,0.96,0,96.0
2447246,0.0,1,-1.0
2447288,0.0,1,-1.0
2447357,0.0,1,-1.0
2447360,0.0,1,-1.0
2447546,0.0,1,-1.0
2447598,0.0,1,-1.0
2447626,0.0,1,-1.0
2447709,0.0,1,-1.0
2447740,0.0,1,-1.0
2447937,0.0,1,-1.0
2447961,0.0,1,-1.0
2448012,0.0,1,-1.0
2448387,0.0,1,-1.0
2448395,0.0,1,-1.0
2448423,0.0,1,-1.0
2448432,0.0,1,-1.0
2448502,0.0,1,-1.0
2448541,0.0,1,-1.0
2448782,0.84,0,84.0
2448879,0.0,1,-1.0
2448932,0.94,0,94.0
2449105,0.0,1,-1.0
2449168,0.0,1,-1.0
2449258,0.0,1,-1.0
2449269,0.0,1,-1.0
2449308,0.0,1,-1.0
2449471,0.0,1,-1.0
2449527,0.0,1,-1.0
2449562,0.0,1,-1.0
2449728,0.0,1,-1.0
2449745,0.0,1,-1.0
2449791,0.0,1,-1.0
2449926,0.0,1,-1.0
2450042,0.0,1,-1.0
2450112,0.0,1,-1.0
2450351,0.0,1,-1.0
2450359,0.0,1,-1.0
2450483,0.0,1,-1.0
2450511,0.0,1,-1.0
2450690,0.0,1,-1.0
2450706,0.0,1,-1.0
2450755,0.0,1,-1.0
2450769,0.0,1,-1.0
2450907,0.0,1,-1.0
2450918,0.0,1,-1.0
2450933,0.0,1,-1.0
2451065,0.0,1,-1.0
2451160,0.0,1,-1.0
2451211,0.0,1,-1.0
2451316,0.0,1,-1.0
2451335,0.0,1,-1.0
2451409,0.0,1,-1.0
2451505,0.0,1,-1.0
2451591,0.0,1,-1.0
2451770,0.0,1,-1.0
2451838,0.0,1,-1.0
2451867,0.0,1,-1.0
2451874,0.0,1,-1.0
2451935,0.0,1,-1.0
2451981,0.0,1,-1.0
2451984,0.0,1,-1.0
2452081,0.0,1,-1.0
2452212,0.0,1,-1.0
2452391,0.84,0,84.0
2452505,0.0,1,-1.0
2452506,0.0,1,-1.0
2452512,0.0,1,-1.0
2452546,0.0,1,-1.0
2452591,0.0,1,-1.0
2452604,0.0,1,-1.0
2452823,0.0,1,-1.0
2452889,0.0,1,-1.0
2452985,0.0,1,-1.0
2453256,0.0,1,-1.0
2453352,0.0,1,-1.0
2453515,0.0,1,-1.0
2453595,0.0,1,-1.0
2453741,0.0,1,-1.0
2453940,0.0,1,-1.0
2454050,0.87,0,87.0
2454052,0.0,1,-1.0
2454326,0.0,1,-1.0
2454349,0.0,1,-1.0
2454557,0.86,0,86.0
2454563,0.89,0,89.0
2454597,0.0,1,-1.0
2454832,0.0,1,-1.0
2454834,0.0,1,-1.0
2454838,0.0,1,-1.0
2454849,0.0,1,-1.0
2454944,0.0,1,-1.0
2454946,0.84,0,84.0
2454965,0.0,1,-1.0
2455068,0.0,1,-1.0
2455240,0.0,1,-1.0
2455264,0.94,0,94.0
2455307,0.0,1,-1.0
2455335,0.96,0,96.0
2455419,0.0,1,-1.0
2455455,0.0,1,-1.0
2455514,0.0,1,-1.0
2455539,0.89,0,89.0
2455618,0.96,0,96.0
2456267,0.0,1,-1.0
2456359,0.0,1,-1.0
2456474,0.0,1,-1.0
2456610,0.86,0,86.0
2456635,0.0,1,-1.0
2456781,0.0,1,-1.0
2457028,0.0,1,-1.0
2457095,0.0,1,-1.0
2457143,0.0,1,-1.0
2457563,0.0,1,-1.0
2457600,0.0,1,-1.0
2457754,0.0,1,-1.0
2457826,0.82,0,82.0
2457866,0.0,1,-1.0
2457867,0.0,1,-1.0
2457935,0.88,0,88.0
2458079,0.0,1,-1.0
2458135,0.0,1,-1.0
2458400,0.0,1,-1.0
2458516,0.0,1,-1.0
2458564,0.0,1,-1.0
2458567,0.0,1,-1.0
2458716,0.87,0,87.0
2458797,0.0,1,-1.0
2458801,0.0,1,-1.0
2458825,0.0,1,-1.0
2458836,0.0,1,-1.0
2458847,0.0,1,-1.0
2458921,0.0,1,-1.0
2458986,0.0,1,-1.0
2458990,0.0,1,-1.0
2459448,0.0,1,-1.0
2459550,0.0,1,-1.0
2459607,0.79,0,79.0
2459641,0.78,0,78.0
2459792,0.75,0,75.0
2459916,0.0,1,-1.0
2460028,0.79,0,79.0
2460042,0.0,1,-1.0
2460050,0.96,0,96.0
2460080,0.94,0,94.0
2460083,0.0,1,-1.0
2460211,0.0,1,-1.0
2460513,0.0,1,-1.0
2460868,0.0,1,-1.0
2460909,0.0,1,-1.0
2460919,0.0,1,-1.0
2460955,0.0,1,-1.0
2461048,0.83,0,83.0
2461529,0.0,1,-1.0
2461610,0.0,1,-1.0
2461733,0.0,1,-1.0
2461790,0.0,1,-1.0
2461817,0.0,1,-1.0
2462198,0.81,0,81.0
2462375,0.0,1,-1.0
2462550,0.0,1,-1.0
2462589,0.82,0,82.0
2462598,0.0,1,-1.0
2462605,0.0,1,-1.0
2462682,0.0,1,-1.0
2462712,0.87,0,87.0
2462763,0.0,1,-1.0
2462830,0.0,1,-1.0
2462981,0.0,1,-1.0
2463121,0.0,1,-1.0
2463428,0.0,1,-1.0
2463515,0.87,0,87.0
2463519,0.0,1,-1.0
2463600,0.0,1,-1.0
2463682,0.0,1,-1.0
2463979,0.0,1,-1.0
2464203,0.74,0,74.0
2464204,0.0,1,-1.0
2464225,0.78,0,78.0
2464263,0.9,0,90.0
2464358,0.0,1,-1.0
2464492,0.0,1,-1.0
2464558,0.0,1,-1.0
2464565,0.0,1,-1.0
2464570,0.0,1,-1.0
2464596,0.0,1,-1.0
2464746,0.0,1,-1.0
2464789,0.0,1,-1.0
2464856,0.0,1,-1.0
2465054,0.75,0,75.0
2465145,0.79,0,79.0
2465327,0.0,1,-1.0
2465349,0.0,1,-1.0
2465417,0.0,1,-1.0
2465447,0.73,0,73.0
2469330,0.0,1,-1.0
2469446,0.0,1,-1.0
2469573,0.0,1,-1.0
2469707,0.0,1,-1.0
2469762,0.0,1,-1.0
2469773,0.0,1,-1.0
2469814,0.0,1,-1.0
2469942,0.0,1,-1.0
2470019,0.0,1,-1.0
2470060,0.0,1,-1.0
2470063,0.83,0,83.0
2470142,0.0,1,-1.0
2470240,0.0,1,-1.0
2470263,0.0,1,-1.0
2470278,0.78,0,78.0
2470457,0.84,0,84.0
2470467,0.86,0,86.0
2470514,0.78,0,78.0
2470973,0.0,1,-1.0
2470982,0.0,1,-1.0
2471034,0.0,1,-1.0
2471038,0.0,1,-1.0
2471126,0.0,1,-1.0
2471192,0.0,1,-1.0
2471221,0.0,1,-1.0
2471286,0.0,1,-1.0
2471354,0.0,1,-1.0
2471391,0.0,1,-1.0
2471407,0.0,1,-1.0
2471566,0.0,1,-1.0
2471650,0.0,1,-1.0
2471783,0.0,1,-1.0
2471799,0.0,1,-1.0
2471910,0.0,1,-1.0
2472036,0.0,1,-1.0
2472128,0.0,1,-1.0
2472146,0.0,1,-1.0
2472346,0.77,0,77.0
2472359,0.0,1,-1.0
2472405,0.0,1,-1.0
2472423,0.0,1,-1.0
2472539,0.0,1,-1.0
2472556,0.0,1,-1.0
2472563,0.0,1,-1.0
2472634,0.0,1,-1.0
2472655,0.0,1,-1.0
2472689,0.0,1,-1.0
2472808,0.0,1,-1.0
2472889,0.0,1,-1.0
2472917,0.0,1,-1.0
2473016,0.0,1,-1.0
2473037,0.81,0,81.0
2473132,0.82,0,82.0
2473219,0.0,1,-1.0
2473221,0.0,1,-1.0
2473328,0.0,1,-1.0
2473439,0.0,1,-1.0
2473625,0.0,1,-1.0
2473733,0.0,1,-1.0
2473799,0.0,1,-1.0
2473897,0.0,1,-1.0
2473953,0.0,1,-1.0
2473969,0.0,1,-1.0
2474009,0.0,1,-1.0
2474039,0.0,1,-1.0
2474147,0.75,0,75.0
2474151,0.0,1,-1.0
2474175,0.0,1,-1.0
2474283,0.0,1,-1.0
2474388,0.0,1,-1.0
2474448,0.75,0,75.0
2474464,0.0,1,-1.0
2474683,0.0,1,-1.0
2474714,0.0,1,-1.0
2474736,0.87,0,87.0
2474770,0.0,1,-1.0
2475002,0.0,1,-1.0
2475056,0.0,1,-1.0
2475236,0.0,1,-1.0
2475335,0.0,1,-1.0
2475344,0.0,1,-1.0
2475368,0.0,1,-1.0
2475414,0.0,1,-1.0
2475481,0.0,1,-1.0
2475500,0.0,1,-1.0
2475582,0.78,0,78.0
2475639,0.97,0,97.0
2475790,0.0,1,-1.0
2475804,0.0,1,-1.0
2475811,0.0,1,-1.0
2476015,0.0,1,-1.0
2476071,0.0,1,-1.0
2476075,0.0,1,-1.0
2476078,0.0,1,-1.0
2476114,0.0,1,-1.0
2476124,0.0,1,-1.0
2476238,0.86,0,86.0
2476275,0.0,1,-1.0
2476500,0.88,0,88.0
2476615,0.79,0,79.0
2476642,0.0,1,-1.0
2476781,0.0,1,-1.0
2476831,0.0,1,-1.0
2477029,0.0,1,-1.0
2477034,0.0,1,-1.0
2477120,0.0,1,-1.0
2477183,0.0,1,-1.0
2477277,0.0,1,-1.0
2477285,0.0,1,-1.0
2477314,0.0,1,-1.0
2477502,0.0,1,-1.0
2477503,0.83,0,83.0
2477529,0.0,1,-1.0
2477549,0.0,1,-1.0
2477555,0.0,1,-1.0
2477593,0.0,1,-1.0
2477601,0.0,1,-1.0
2477609,0.63,0,63.0
2477629,0.0,1,-1.0
2477686,0.0,1,-1.0
2477795,0.0,1,-1.0
2477804,0.0,1,-1.0
2477865,0.0,1,-1.0
2477886,0.0,1,-1.0
2477965,0.0,1,-1.0
2477969,0.0,1,-1.0
2478011,0.0,1,-1.0
2478013,0.0,1,-1.0
2478059,0.0,1,-1.0
2478062,0.0,1,-1.0
2478099,0.0,1,-1.0
2478118,0.0,1,-1.0
2478156,0.0,1,-1.0
2478157,0.0,1,-1.0
2478166,0.0,1,-1.0
2478170,0.0,1,-1.0
2478229,0.0,1,-1.0
2478370,0.0,1,-1.0
2478385,0.0,1,-1.0
2478411,0.87,0,87.0
2478419,0.0,1,-1.0
2478435,0.0,1,-1.0
2478484,0.0,1,-1.0
2478503,0.0,1,-1.0
2478615,0.0,1,-1.0
2478719,0.0,1,-1.0
2478725,0.0,1,-1.0
2478799,0.0,1,-1.0
2478886,0.0,1,-1.0
2478929,0.0,1,-1.0
2478931,0.0,1,-1.0
2478937,0.0,1,-1.0
2478970,0.0,1,-1.0
2479036,0.0,1,-1.0
2479043,0.0,1,-1.0
2479057,0.0,1,-1.0
2479066,0.0,1,-1.0
2479256,0.89,0,89.0
2479395,0.0,1,-1.0
2479408,0.0,1,-1.0
2479438,0.0,1,-1.0
2479455,0.77,0,77.0
2479492,0.0,1,-1.0
2479605,0.0,1,-1.0
2479656,0.0,1,-1.0
2479764,0.0,1,-1.0
2479765,0.0,1,-1.0
2479850,0.0,1,-1.0
2479867,0.0,1,-1.0
2479884,0.0,1,-1.0
2479990,0.0,1,-1.0
2479991,0.0,1,-1.0
2480008,0.0,1,-1.0
2480056,0.0,1,-1.0
2480075,0.0,1,-1.0
2480103,0.0,1,-1.0
2480124,0.0,1,-1.0
2480178,0.0,1,-1.0
2480181,0.0,1,-1.0
2480368,0.0,1,-1.0
2480423,0.0,1,-1.0
2480456,0.0,1,-1.0
2480461,0.0,1,-1.0
2480476,0.0,1,-1.0
2480520,0.0,1,-1.0
2480555,0.0,1,-1.0
2480593,0.86,0,86.0
2480630,0.0,1,-1.0
2480635,0.0,1,-1.0
2480663,0.0,1,-1.0
2480755,0.0,1,-1.0
2480827,0.0,1,-1.0
2480863,0.0,1,-1.0
2480978,0.0,1,-1.0
2481013,0.0,1,-1.0
2481024,0.82,0,82.0
2481051,0.0,1,-1.0
2481090,0.0,1,-1.0
2481155,0.73,0,73.0
2481183,0.74,0,74.0
2481414,0.0,1,-1.0
2481423,0.73,0,73.0
2481426,0.82,0,82.0
2481464,0.0,1,-1.0
2481488,0.0,1,-1.0
2481701,0.0,1,-1.0
2481852,0.0,1,-1.0
2481967,0.0,1,-1.0
2481974,0.0,1,-1.0
2481985,0.0,1,-1.0
2482012,0.0,1,-1.0
2482018,0.0,1,-1.0
2482043,0.0,1,-1.0
2482084,0.88,0,88.0
2482185,0.0,1,-1.0
2482279,0.0,1,-1.0
2482403,0.0,1,-1.0
2482441,0.0,1,-1.0
2482577,0.0,1,-1.0
2482583,0.0,1,-1.0
2482586,0.0,1,-1.0
2482870,0.0,1,-1.0
2482903,0.78,0,78.0
2483046,0.0,1,-1.0
2483362,0.0,1,-1.0
2483447,0.0,1,-1.0
2483490,0.0,1,-1.0
2483561,0.0,1,-1.0
2483610,0.0,1,-1.0
2483733,0.0,1,-1.0
2483791,0.78,0,78.0
2483852,0.0,1,-1.0
2483864,0.0,1,-1.0
2483911,0.0,1,-1.0
2484123,0.0,1,-1.0
2484269,0.0,1,-1.0
2484329,0.0,1,-1.0
2484366,0.73,0,73.0
2484520,0.8,0,80.0
2484576,0.0,1,-1.0
2484584,0.0,1,-1.0
2484654,0.0,1,-1.0
2484788,0.0,1,-1.0
2484811,0.0,1,-1.0
2484866,0.0,1,-1.0
2484969,0.0,1,-1.0
2485005,0.0,1,-1.0
2485010,0.81,0,81.0
2485044,0.0,1,-1.0
2485081,0.88,0,88.0
2485142,0.0,1,-1.0
2485198,0.8,0,80.0
2485277,0.0,1,-1.0
2485368,0.0,1,-1.0
2485442,0.0,1,-1.0
2485480,0.0,1,-1.0
2485525,0.0,1,-1.0
2485641,0.0,1,-1.0
2485645,0.0,1,-1.0
2485769,0.0,1,-1.0
2485770,0.0,1,-1.0
2485867,1.0,0,100.0
2485888,0.0,1,-1.0
2485894,0.0,1,-1.0
2485900,0.0,1,-1.0
2485924,0.0,1,-1.0
2485998,0.0,1,-1.0
2486010,0.0,1,-1.0
2486036,0.0,1,-1.0
2486039,0.0,1,-1.0
2486091,0.0,1,-1.0
2486112,0.0,1,-1.0
2486174,0.0,1,-1.0
2486188,0.82,0,82.0
2486202,0.78,0,78.0
2486268,0.0,1,-1.0
2486285,0.0,1,-1.0
2486663,0.79,0,79.0
2486690,0.8,0,80.0
2486856,0.0,1,-1.0
2486879,0.0,1,-1.0
2486899,0.0,1,-1.0
2486905,0.0,1,-1.0
2486919,0.0,1,-1.0
2486933,0.0,1,-1.0
2486975,0.0,1,-1.0
2486977,0.0,1,-1.0
2487048,0.0,1,-1.0
2487066,0.82,0,82.0
2487096,0.0,1,-1.0
2487136,0.0,1,-1.0
2487210,0.0,1,-1.0
2487299,0.0,1,-1.0
2487424,0.0,1,-1.0
2487446,0.0,1,-1.0
2487454,0.0,1,-1.0
2487502,0.0,1,-1.0
2487508,0.0,1,-1.0
2487529,0.0,1,-1.0
2487601,0.0,1,-1.0
2487620,0.6,0,60.0
2487654,0.0,1,-1.0
2487715,0.0,1,-1.0
2487961,0.0,1,-1.0
2488253,0.0,1,-1.0
2488359,0.8,0,80.0
2488368,0.0,1,-1.0
2488428,0.0,1,-1.0
2488440,0.79,0,79.0
2488499,0.77,0,77.0
2488511,0.0,1,-1.0
2488734,0.0,1,-1.0
2488817,0.0,1,-1.0
2489067,0.97,0,97.0
2489148,0.0,1,-1.0
2489168,1.0,0,100.0
2489180,0.0,1,-1.0
2489227,0.0,1,-1.0
2489277,0.74,0,74.0
2489296,0.0,1,-1.0
2489411,0.0,1,-1.0
2489478,0.9,0,90.0
2489485,0.0,1,-1.0
2489491,0.0,1,-1.0
2489504,0.0,1,-1.0
2489515,0.73,0,73.0
2489522,0.0,1,-1.0
2489564,0.74,0,74.0
2489665,0.78,0,78.0
2489750,0.0,1,-1.0
2489778,0.81,0,81.0
2489805,0.0,1,-1.0
2489807,0.0,1,-1.0
2489812,0.0,1,-1.0
2489905,0.0,1,-1.0
2489924,0.0,1,-1.0
2489937,0.9,0,90.0
2489999,0.0,1,-1.0
2490033,0.0,1,-1.0
2490053,0.86,0,86.0
2490079,0.0,1,-1.0
2490157,0.79,0,79.0
2490196,0.88,0,88.0
2490215,0.0,1,-1.0
2490315,0.0,1,-1.0
2490325,0.0,1,-1.0
2490327,0.0,1,-1.0
2490384,0.0,1,-1.0
2490406,0.74,0,74.0
2490453,0.0,1,-1.0
2490462,0.0,1,-1.0
2490491,0.0,1,-1.0
2490564,0.76,0,76.0
2490699,0.0,1,-1.0
2490737,0.0,1,-1.0
2490790,0.0,1,-1.0
2490839,0.0,1,-1.0
2490913,0.0,1,-1.0
2490963,0.0,1,-1.0
2491031,0.0,1,-1.0
2491150,0.0,1,-1.0
2491264,0.0,1,-1.0
2491307,0.0,1,-1.0
2491319,0.0,1,-1.0
2491352,0.0,1,-1.0
2491410,0.0,1,-1.0
2491455,0.0,1,-1.0
2491546,0.0,1,-1.0
2491585,0.0,1,-1.0
2491607,0.0,1,-1.0
2491644,0.0,1,-1.0
2491660,0.0,1,-1.0
2491671,0.0,1,-1.0
2491716,0.0,1,-1.0
2491748,0.87,0,87.0
2491812,0.0,1,-1.0
2491829,0.0,1,-1.0
2491841,0.0,1,-1.0
2491897,0.0,1,-1.0
2491929,0.0,1,-1.0
2492000,0.0,1,-1.0
2492004,0.95,0,95.0
2492013,0.0,1,-1.0
2492066,0.0,1,-1.0
2492067,0.0,1,-1.0
2492070,0.92,0,92.0
2492098,0.0,1,-1.0
2492164,0.0,1,-1.0
2492187,0.0,1,-1.0
2492263,0.0,1,-1.0
2492297,0.0,1,-1.0
2492358,0.0,1,-1.0
2492359,0.0,1,-1.0
2492382,0.0,1,-1.0
2492389,0.0,1,-1.0
2492392,0.0,1,-1.0
2492421,0.88,0,88.0
2492424,0.0,1,-1.0
2492449,0.0,1,-1.0
2492495,0.0,1,-1.0
2492500,0.0,1,-1.0
2492569,0.74,0,74.0
2492578,0.0,1,-1.0
2492585,0.0,1,-1.0
2492591,0.0,1,-1.0
2492597,0.0,1,-1.0
2492701,0.0,1,-1.0
2492765,0.0,1,-1.0
2492781,1.0,0,100.0
2492851,0.0,1,-1.0
2492859,0.0,1,-1.0
2492950,0.0,1,-1.0
2492959,0.0,1,-1.0
2492960,0.92,0,92.0
2493003,0.0,1,-1.0
2493152,0.77,0,77.0
2493153,0.0,1,-1.0
2493219,0.83,0,83.0
2493356,0.88,0,88.0
2493495,0.0,1,-1.0
2493657,0.0,1,-1.0
2493680,0.76,0,76.0
2493753,0.0,1,-1.0
2493755,0.85,0,85.0
2494026,0.0,1,-1.0
2494212,0.0,1,-1.0
2494223,0.0,1,-1.0
2494269,0.84,0,84.0
2494285,0.0,1,-1.0
2494332,0.0,1,-1.0
2494349,0.0,1,-1.0
2494422,0.76,0,76.0
2494459,0.0,1,-1.0
2494476,0.0,1,-1.0
2494566,0.0,1,-1.0
2494686,0.0,1,-1.0
2494821,0.0,1,-1.0
2494838,0.75,0,75.0
2494850,0.81,0,81.0
2494940,0.74,0,74.0
2494952,0.0,1,-1.0
2494964,0.89,0,89.0
2495023,0.73,0,73.0
2495037,0.0,1,-1.0
2495133,0.0,1,-1.0
2495174,0.0,1,-1.0
2495245,0.0,1,-1.0
2495273,0.0,1,-1.0
2495322,0.85,0,85.0
2495443,0.0,1,-1.0
2495453,0.0,1,-1.0
2495512,0.0,1,-1.0
2495516,0.74,0,74.0
2495577,0.0,1,-1.0
2495595,0.0,1,-1.0
2495615,0.0,1,-1.0
2495701,0.0,1,-1.0
2495740,0.96,0,96.0
2495792,0.0,1,-1.0
2495822,0.0,1,-1.0
2496123,0.0,1,-1.0
2496124,0.0,1,-1.0
2496142,0.75,0,75.0
2496155,0.0,1,-1.0
2496157,0.78,0,78.0
2496358,0.0,1,-1.0
2496457,0.0,1,-1.0
2496631,0.0,1,-1.0
2496699,1.0,0,100.0
2496715,0.88,0,88.0
2496720,0.0,1,-1.0
2496722,0.0,1,-1.0
2496728,0.0,1,-1.0
2496779,0.0,1,-1.0
2496825,0.0,1,-1.0
2496920,0.0,1,-1.0
2496936,0.0,1,-1.0
2496954,0.0,1,-1.0
2496973,0.0,1,-1.0
2497012,0.0,1,-1.0
2497065,0.84,0,84.0
2497077,0.0,1,-1.0
2497084,0.88,0,88.0
2497092,0.84,0,84.0
2497160,0.0,1,-1.0
2497175,0.95,0,95.0
2497188,0.75,0,75.0
2497234,0.85,0,85.0
2497264,0.0,1,-1.0
2497298,0.79,0,79.0
2497313,0.0,1,-1.0
2497315,0.0,1,-1.0
2497349,0.0,1,-1.0
2497453,0.0,1,-1.0
2497502,0.0,1,-1.0
2497532,0.0,1,-1.0
2497568,0.0,1,-1.0
2497578,0.0,1,-1.0
2497594,0.88,0,88.0
2497687,0.0,1,-1.0
2497692,0.79,0,79.0
2497703,0.0,1,-1.0
2497706,0.0,1,-1.0
2497727,0.0,1,-1.0
2497767,0.0,1,-1.0
2497798,0.0,1,-1.0
2497890,0.0,1,-1.0
2498041,0.0,1,-1.0
2498075,0.0,1,-1.0
2498079,0.0,1,-1.0
2498134,0.0,1,-1.0
2498168,0.0,1,-1.0
2498285,0.0,1,-1.0
2498286,0.0,1,-1.0
2498288,0.0,1,-1.0
2498383,0.0,1,-1.0
2498415,0.0,1,-1.0
2498431,0.75,0,75.0
2498454,0.0,1,-1.0
2498486,0.0,1,-1.0
2498490,0.0,1,-1.0
2498528,0.0,1,-1.0
2498531,0.72,0,72.0
2498618,0.0,1,-1.0
2498637,0.0,1,-1.0
2498674,0.0,1,-1.0
2498696,0.82,0,82.0
2498702,0.84,0,84.0
2498737,0.0,1,-1.0
2498751,0.0,1,-1.0
2498847,0.0,1,-1.0
2499046,0.0,1,-1.0
2499051,0.0,1,-1.0
2499074,0.0,1,-1.0
2499198,0.0,1,-1.0
2499272,0.0,1,-1.0
2499437,0.99,0,99.0
2499484,0.0,1,-1.0
2499485,0.0,1,-1.0
2499569,0.98,0,98.0
2499821,0.77,0,77.0
2500037,0.8,0,80.0
2500352,0.0,1,-1.0
2500357,0.0,1,-1.0
2500364,0.0,1,-1.0
2500418,0.73,0,73.0
2500472,0.0,1,-1.0
2500510,0.0,1,-1.0
2500540,0.0,1,-1.0
2500643,0.0,1,-1.0
2500782,0.0,1,-1.0
2500814,0.0,1,-1.0
2500825,0.0,1,-1.0
2501000,0.0,1,-1.0
2501011,0.74,0,74.0
2501142,0.0,1,-1.0
2501197,0.0,1,-1.0
2501233,0.0,1,-1.0
2501325,0.75,0,75.0
2501326,0.73,0,73.0
2501343,0.0,1,-1.0
2501350,0.0,1,-1.0
2501409,0.0,1,-1.0
2501418,0.0,1,-1.0
2501443,0.0,1,-1.0
2501490,0.0,1,-1.0
2501543,0.0,1,-1.0
2501566,0.0,1,-1.0
2501695,0.0,1,-1.0
2501719,0.0,1,-1.0
2501746,0.0,1,-1.0
2501756,0.0,1,-1.0
2501781,0.0,1,-1.0
2501823,0.0,1,-1.0
2501824,0.0,1,-1.0
2501851,0.0,1,-1.0
2501885,0.0,1,-1.0
2501891,0.0,1,-1.0
2501913,0.0,1,-1.0
2501929,0.0,1,-1.0
2502001,0.0,1,-1.0
2502155,0.0,1,-1.0
2502191,0.0,1,-1.0
2502234,0.74,0,74.0
2502461,0.0,1,-1.0
2502487,0.73,0,73.0
2502522,0.76,0,76.0
2502564,0.0,1,-1.0
2502632,0.0,1,-1.0
2502735,0.0,1,-1.0
2502762,0.0,1,-1.0
2502805,0.81,0,81.0
2502952,0.0,1,-1.0
2503026,0.89,0,89.0
2503074,0.0,1,-1.0
2503083,0.0,1,-1.0
2503137,0.0,1,-1.0
2503175,0.92,0,92.0
2503188,0.78,0,78.0
2503194,0.0,1,-1.0
2503223,0.0,1,-1.0
2503252,0.0,1,-1.0
2503385,0.83,0,83.0
2503473,0.88,0,88.0
2503508,0.0,1,-1.0
2503517,0.78,0,78.0
2503527,0.0,1,-1.0
2503541,0.77,0,77.0
2503558,0.0,1,-1.0
2503674,0.0,1,-1.0
2503828,0.0,1,-1.0
2503841,0.0,1,-1.0
2503867,0.0,1,-1.0
2503876,0.0,1,-1.0
2503892,0.74,0,74.0
2504082,0.86,0,86.0
2504114,0.0,1,-1.0
2504129,0.0,1,-1.0
2504182,0.83,0,83.0
2504247,0.0,1,-1.0
2504283,0.0,1,-1.0
2504389,0.0,1,-1.0
2504401,0.0,1,-1.0
2504416,0.0,1,-1.0
2504443,0.0,1,-1.0
2504466,0.0,1,-1.0
2504503,0.0,1,-1.0
2504516,0.0,1,-1.0
2504619,0.0,1,-1.0
2504644,0.0,1,-1.0
2504692,0.0,1,-1.0
2504715,0.0,1,-1.0
2504748,0.0,1,-1.0
2504781,0.0,1,-1.0
2504811,0.82,0,82.0
2504858,0.0,1,-1.0
2504871,0.73,0,73.0
2504895,0.86,0,86.0
2504966,0.0,1,-1.0
2505084,0.0,1,-1.0
2505096,0.0,1,-1.0
2505107,0.0,1,-1.0
2505127,0.0,1,-1.0
2505137,0.0,1,-1.0
2505168,0.0,1,-1.0
2505203,0.0,1,-1.0
2505216,0.85,0,85.0
2505281,0.0,1,-1.0
2505288,0.0,1,-1.0
2505299,0.0,1,-1.0
2505361,0.73,0,73.0
2505366,0.0,1,-1.0
2505367,0.0,1,-1.0
2505370,0.0,1,-1.0
2505401,0.0,1,-1.0
2505403,0.0,1,-1.0
2505502,0.92,0,92.0
2505520,0.0,1,-1.0
2505536,0.81,0,81.0
2505624,0.0,1,-1.0
2505726,0.74,0,74.0
2505739,0.0,1,-1.0
2505794,0.75,0,75.0
2505799,0.8,0,80.0
2505815,0.0,1,-1.0
2505832,0.75,0,75.0
2505859,0.0,1,-1.0
2505986,0.0,1,-1.0
2506072,0.0,1,-1.0
2506157,0.0,1,-1.0
2506182,0.93,0,93.0
2506215,0.93,0,93.0
2506246,0.0,1,-1.0
2506279,0.0,1,-1.0
2506345,0.0,1,-1.0
2506394,0.0,1,-1.0
2506417,0.0,1,-1.0
2506450,0.0,1,-1.0
2506480,0.0,1,-1.0
2506528,0.0,1,-1.0
2506573,0.0,1,-1.0
2506657,0.0,1,-1.0
2506669,0.84,0,84.0
2506675,0.88,0,88.0
2506698,0.0,1,-1.0
2506723,0.0,1,-1.0
2506732,0.0,1,-1.0
2506781,0.0,1,-1.0
2506802,0.0,1,-1.0
2506816,0.0,1,-1.0
2506835,0.0,1,-1.0
2506870,0.0,1,-1.0
2506925,0.0,1,-1.0
2506937,0.0,1,-1.0
2506968,0.0,1,-1.0
2506980,0.81,0,81.0
2507001,0.74,0,74.0
2507045,0.0,1,-1.0
2507064,0.0,1,-1.0
2507083,0.0,1,-1.0
2507169,0.0,1,-1.0
2507174,0.0,1,-1.0
2507205,0.0,1,-1.0
2507256,0.0,1,-1.0
2507278,0.0,1,-1.0
2507322,0.0,1,-1.0
2507335,0.73,0,73.0
2507350,0.0,1,-1.0
2507381,0.94,0,94.0
2507388,0.77,0,77.0
2507425,0.0,1,-1.0
2507428,0.0,1,-1.0
2507461,0.0,1,-1.0
2507462,0.0,1,-1.0
2507510,0.0,1,-1.0
2507518,0.0,1,-1.0
2507529,0.0,1,-1.0
2507535,0.0,1,-1.0
2507561,0.0,1,-1.0
2507600,0.0,1,-1.0
2507647,0.73,0,73.0
2507653,0.0,1,-1.0
2507667,0.84,0,84.0
2507669,0.0,1,-1.0
2507692,0.0,1,-1.0
2507749,0.0,1,-1.0
2507770,0.0,1,-1.0
2507774,0.0,1,-1.0
2507777,0.0,1,-1.0
2507785,0.0,1,-1.0
2507801,0.0,1,-1.0
2507828,0.0,1,-1.0
2507852,0.73,0,73.0
2507896,0.0,1,-1.0
2507899,0.0,1,-1.0
2507903,0.0,1,-1.0
2507921,0.0,1,-1.0
2507972,0.0,1,-1.0
2507986,0.0,1,-1.0
2508022,0.85,0,85.0
2508034,0.0,1,-1.0
2508049,0.0,1,-1.0
2508065,0.0,1,-1.0
2508074,0.77,0,77.0
2508078,0.83,0,83.0
2508105,0.0,1,-1.0
2508128,0.0,1,-1.0
2508129,0.0,1,-1.0
2508133,0.0,1,-1.0
2508184,0.0,1,-1.0
2508202,0.0,1,-1.0
2508212,0.92,0,92.0
2508217,0.0,1,-1.0
2508227,0.0,1,-1.0
2508238,0.0,1,-1.0
2508250,0.0,1,-1.0
2508254,0.0,1,-1.0
2508260,0.0,1,-1.0
2508274,0.93,0,93.0
2508287,0.0,1,-1.0
2508300,0.0,1,-1.0
2508323,0.0,1,-1.0
2508335,0.0,1,-1.0
2508372,0.0,1,-1.0
2508378,0.0,1,-1.0
2508382,0.0,1,-1.0
2508388,0.0,1,-1.0
2508526,0.0,1,-1.0
2508550,0.0,1,-1.0
2508607,0.0,1,-1.0
2508667,0.73,0,73.0
2508669,0.0,1,-1.0
2508675,0.0,1,-1.0
2508699,0.0,1,-1.0
2508700,0.0,1,-1.0
2508776,0.0,1,-1.0
2508780,0.0,1,-1.0
2508787,0.0,1,-1.0
2508828,0.75,0,75.0
2508861,0.97,0,97.0
2508888,0.0,1,-1.0
2508903,0.93,0,93.0
2508919,0.0,1,-1.0
2508927,0.0,1,-1.0
2509063,0.0,1,-1.0
2509091,0.0,1,-1.0
2509133,0.0,1,-1.0
2509167,0.0,1,-1.0
2509254,0.0,1,-1.0
2509261,0.0,1,-1.0
2509313,0.73,0,73.0
2509351,0.0,1,-1.0
2509371,0.0,1,-1.0
2509405,0.0,1,-1.0
2509479,0.0,1,-1.0
2509558,0.0,1,-1.0
2509577,0.9,0,90.0
2509589,0.0,1,-1.0
2509599,0.74,0,74.0
2509603,0.0,1,-1.0
2511472,0.0,1,-1.0
2512707,0.73,0,73.0
2512729,0.0,1,-1.0
2512735,0.73,0,73.0
2512754,0.0,1,-1.0
2512758,0.75,0,75.0
2512812,0.0,1,-1.0
2512831,0.8,0,80.0
2512837,0.0,1,-1.0
2512881,0.0,1,-1.0
2512928,0.0,1,-1.0
2512967,0.0,1,-1.0
2512983,0.75,0,75.0
2512990,0.89,0,89.0
2513011,0.74,0,74.0
2513028,0.0,1,-1.0
2513056,0.73,0,73.0
2513064,0.73,0,73.0
2513078,0.0,1,-1.0
2513085,0.76,0,76.0
2513103,0.74,0,74.0
2513108,0.0,1,-1.0
2513116,0.0,1,-1.0
2513117,0.0,1,-1.0
2513121,0.73,0,73.0
2513123,0.0,1,-1.0
2513125,0.83,0,83.0
2513128,0.0,1,-1.0
2513157,0.73,0,73.0
2513159,0.0,1,-1.0
2513164,0.0,1,-1.0
2513167,0.0,1,-1.0
2513170,0.97,0,97.0
2513178,0.9,0,90.0
2513193,0.0,1,-1.0
2513196,0.0,1,-1.0
2513199,0.0,1,-1.0
2513200,0.9,0,90.0
2513218,0.73,0,73.0
2513225,0.0,1,-1.0
2513229,0.0,1,-1.0
2513233,0.0,1,-1.0
2513234,0.77,0,77.0
2513240,0.0,1,-1.0
2513244,0.0,1,-1.0
2513256,0.73,0,73.0
2513257,0.0,1,-1.0
2513273,0.0,1,-1.0
2513275,0.0,1,-1.0
2513290,0.73,0,73.0
2513308,0.0,1,-1.0
2513311,0.0,1,-1.0
2513320,0.0,1,-1.0
2513335,0.0,1,-1.0
2513353,0.0,1,-1.0
2513364,0.73,0,73.0
2513373,0.0,1,-1.0
2513374,0.83,0,83.0
2513377,0.0,1,-1.0
2513408,0.0,1,-1.0
2513420,0.84,0,84.0
2513431,0.73,0,73.0
2513432,0.0,1,-1.0
2513457,0.0,1,-1.0
2513502,0.73,0,73.0
2513509,0.0,1,-1.0
2513510,0.0,1,-1.0
2513513,0.0,1,-1.0
2513521,0.72,0,72.0
2513531,0.73,0,73.0
2513532,0.93,0,93.0
2513536,0.84,0,84.0
2513537,0.0,1,-1.0
2513540,0.0,1,-1.0
2513547,0.0,1,-1.0
2513554,0.8,0,80.0
2513563,0.0,1,-1.0
2513573,0.0,1,-1.0
2513588,0.74,0,74.0
2513591,0.0,1,-1.0
2513605,0.0,1,-1.0
2513619,0.88,0,88.0
2513629,0.0,1,-1.0
2513633,0.0,1,-1.0
2513639,0.83,0,83.0
2513655,0.0,1,-1.0
2513664,0.0,1,-1.0
2513665,0.73,0,73.0
2513691,0.0,1,-1.0
2513706,0.0,1,-1.0
2513727,0.0,1,-1.0
2513740,0.0,1,-1.0
2513746,0.73,0,73.0
2513756,0.0,1,-1.0
2513762,0.0,1,-1.0
2513790,0.0,1,-1.0
2513801,0.78,0,78.0
2513810,0.0,1,-1.0
2513811,0.0,1,-1.0
2513824,0.96,0,96.0
2513843,0.0,1,-1.0
2513844,0.0,1,-1.0
2513867,0.75,0,75.0
2513899,0.77,0,77.0
2513902,0.0,1,-1.0
2513913,0.0,1,-1.0
2513928,0.0,1,-1.0
2514022,0.0,1,-1.0
2514036,0.49,0,49.0
2514037,0.0,1,-1.0
2514090,0.0,1,-1.0
2514134,0.0,1,-1.0
2514147,0.0,1,-1.0
2514158,0.0,1,-1.0
2514188,0.0,1,-1.0
2514199,0.79,0,79.0
2514238,0.73,0,73.0
2514256,0.0,1,-1.0
2514269,0.0,1,-1.0
2514286,0.73,0,73.0
2514321,0.0,1,-1.0
2514323,0.0,1,-1.0
2514358,0.0,1,-1.0
2514422,0.0,1,-1.0
2514442,0.76,0,76.0
2514455,0.0,1,-1.0
2514465,0.92,0,92.0
2514483,0.0,1,-1.0
2514484,0.73,0,73.0
2514534,0.87,0,87.0
2514566,0.86,0,86.0
2514594,0.0,1,-1.0
2514601,0.0,1,-1.0
2514658,0.0,1,-1.0
2514659,0.86,0,86.0
2514669,0.0,1,-1.0
2514710,0.0,1,-1.0
2514736,0.0,1,-1.0
2514794,0.0,1,-1.0
2514867,0.78,0,78.0
2514882,0.75,0,75.0
2514903,0.97,0,97.0
2514916,0.0,1,-1.0
2514921,0.0,1,-1.0
2514937,0.0,1,-1.0
2514965,0.0,1,-1.0
2515001,0.0,1,-1.0
2515005,0.0,1,-1.0
2515030,0.0,1,-1.0
2515067,0.0,1,-1.0
2515115,0.0,1,-1.0
2515144,0.0,1,-1.0
2515184,0.0,1,-1.0
2515204,0.95,0,95.0
2515233,0.0,1,-1.0
2515238,0.0,1,-1.0
2515239,0.0,1,-1.0
2515240,0.0,1,-1.0
2515258,0.73,0,73.0
2515282,0.86,0,86.0
2515328,0.0,1,-1.0
2515345,0.73,0,73.0
2515346,0.0,1,-1.0
2515349,0.0,1,-1.0
2515363,0.74,0,74.0
2515367,0.0,1,-1.0
2515373,0.0,1,-1.0
2515378,0.0,1,-1.0
2515409,0.73,0,73.0
2515463,0.87,0,87.0
2515472,0.73,0,73.0
2515487,0.75,0,75.0
2515543,0.0,1,-1.0
2515554,0.0,1,-1.0
2515563,0.0,1,-1.0
2515626,0.0,1,-1.0
2515672,0.73,0,73.0
2515732,0.73,0,73.0
2515771,0.0,1,-1.0
2515775,0.0,1,-1.0
2515780,0.9,0,90.0
2515809,0.0,1,-1.0
2515815,0.73,0,73.0
2515816,0.0,1,-1.0
2515849,0.0,1,-1.0
2515863,0.0,1,-1.0
2515872,0.0,1,-1.0
2515899,0.0,1,-1.0
2515956,0.75,0,75.0
2515959,0.0,1,-1.0
2515973,0.0,1,-1.0
2516079,0.73,0,73.0
2516129,0.0,1,-1.0
2516131,0.0,1,-1.0
2516179,0.79,0,79.0
2516300,0.0,1,-1.0
2516313,0.0,1,-1.0
2516362,0.82,0,82.0
2516387,0.76,0,76.0
2516394,0.0,1,-1.0
2516409,0.0,1,-1.0
2516451,0.0,1,-1.0
2516536,0.0,1,-1.0
2516623,0.0,1,-1.0
2516641,0.0,1,-1.0
2516645,0.0,1,-1.0
2516647,0.0,1,-1.0
2516658,0.0,1,-1.0
2516714,0.0,1,-1.0
2516749,0.86,0,86.0
2516773,0.0,1,-1.0
2516776,0.82,0,82.0
2516792,0.81,0,81.0
2516806,0.0,1,-1.0
2516831,0.0,1,-1.0
2516847,0.0,1,-1.0
2516850,0.0,1,-1.0
2516894,0.0,1,-1.0
2516904,0.76,0,76.0
2516910,0.0,1,-1.0
2516934,0.0,1,-1.0
2516956,0.0,1,-1.0
2517047,0.0,1,-1.0
2517051,0.73,0,73.0
2517066,0.0,1,-1.0
2517113,0.0,1,-1.0
2517131,0.0,1,-1.0
2517135,0.0,1,-1.0
2517137,0.0,1,-1.0
2517180,0.65,0,65.0
2517243,0.0,1,-1.0
2517306,0.75,0,75.0
2517338,0.74,0,74.0
2517355,0.0,1,-1.0
2517360,0.0,1,-1.0
2517376,0.76,0,76.0
2517378,0.0,1,-1.0
2517425,0.73,0,73.0
2517427,0.74,0,74.0
2517509,0.0,1,-1.0
2517543,0.73,0,73.0
2517562,0.94,0,94.0
2517569,0.77,0,77.0
2517809,0.0,1,-1.0
2517928,0.0,1,-1.0
2517941,0.0,1,-1.0
2517943,0.72,0,72.0
2517946,0.75,0,75.0
2517949,0.82,0,82.0
2517980,0.0,1,-1.0
2517982,0.84,0,84.0
2518034,0.0,1,-1.0
2518106,0.78,0,78.0
2518120,0.73,0,73.0
2518123,0.7,0,70.0
2518128,0.86,0,86.0
2518161,0.73,0,73.0
2518171,0.0,1,-1.0
2518261,0.0,1,-1.0
2518288,0.0,1,-1.0
2518313,0.0,1,-1.0
2518341,0.0,1,-1.0
2518361,0.0,1,-1.0
2518372,0.0,1,-1.0
2518399,0.0,1,-1.0
2518415,0.0,1,-1.0
2518435,0.74,0,74.0
2518461,0.0,1,-1.0
2518464,0.0,1,-1.0
2518510,0.76,0,76.0
2518521,0.0,1,-1.0
2518543,0.0,1,-1.0
2518581,0.0,1,-1.0
2518604,0.0,1,-1.0
2518611,0.0,1,-1.0
2518619,0.75,0,75.0
2518634,0.0,1,-1.0
2518638,0.0,1,-1.0
2518645,0.0,1,-1.0
2518681,0.0,1,-1.0
2518686,0.0,1,-1.0
2518754,0.0,1,-1.0
2518766,0.82,0,82.0
2518784,0.0,1,-1.0
2518791,0.78,0,78.0
2518914,0.0,1,-1.0
2518918,0.73,0,73.0
2518951,0.0,1,-1.0
2518957,0.0,1,-1.0
2518971,0.0,1,-1.0
2518980,0.0,1,-1.0
2518983,0.77,0,77.0
2519137,1.0,0,100.0
2519148,0.0,1,-1.0
2519152,0.78,0,78.0
2519178,0.73,0,73.0
2519254,0.0,1,-1.0
2519290,0.0,1,-1.0
2519305,0.73,0,73.0
2519321,0.0,1,-1.0
2519400,0.77,0,77.0
2519410,0.73,0,73.0
2519521,0.0,1,-1.0
2519541,0.73,0,73.0
2519574,0.79,0,79.0
2519589,0.0,1,-1.0
2519619,0.81,0,81.0
2519628,0.0,1,-1.0
2519711,0.8,0,80.0
2519751,0.0,1,-1.0
2519834,0.0,1,-1.0
2519873,0.81,0,81.0
2519888,0.0,1,-1.0
2519981,0.0,1,-1.0
2520028,0.88,0,88.0
2520161,0.74,0,74.0
2520182,0.74,0,74.0
2520210,0.0,1,-1.0
2520216,0.0,1,-1.0
2520232,0.73,0,73.0
2520311,0.0,1,-1.0
2520312,0.72,0,72.0
2520334,0.0,1,-1.0
2520348,0.0,1,-1.0
2520374,0.0,1,-1.0
2520377,0.73,0,73.0
2520509,0.73,0,73.0
2520546,0.0,1,-1.0
2520570,0.55,0,55.0
2520572,0.0,1,-1.0
2520592,0.0,1,-1.0
2520595,0.0,1,-1.0
2520598,0.0,1,-1.0
2520755,0.0,1,-1.0
2520778,0.0,1,-1.0
2520781,0.85,0,85.0
2520819,0.78,0,78.0
2520849,0.73,0,73.0
2520860,0.0,1,-1.0
2520863,0.0,1,-1.0
2520867,0.0,1,-1.0
2520882,0.0,1,-1.0
2520913,0.0,1,-1.0
2520919,0.0,1,-1.0
2520931,0.73,0,73.0
2520951,0.0,1,-1.0
2520999,0.84,0,84.0
2521026,0.73,0,73.0
2521120,0.0,1,-1.0
2521124,0.0,1,-1.0
2521125,0.99,0,99.0
2521131,0.0,1,-1.0
2521183,0.73,0,73.0
2521204,0.0,1,-1.0
2521224,0.8,0,80.0
2521254,0.0,1,-1.0
2521264,0.0,1,-1.0
2521297,0.0,1,-1.0
2521361,0.75,0,75.0
2521406,0.0,1,-1.0
2521421,0.0,1,-1.0
2521433,0.73,0,73.0
2521487,0.0,1,-1.0
2521561,0.0,1,-1.0
2521620,0.0,1,-1.0
2521624,0.73,0,73.0
2521680,0.73,0,73.0
2521692,0.0,1,-1.0
2521704,0.0,1,-1.0
2521717,0.78,0,78.0
2521720,0.67,0,67.0
2521724,0.73,0,73.0
2521792,0.0,1,-1.0
2521806,0.73,0,73.0
2521833,0.0,1,-1.0
2521841,0.0,1,-1.0
2521876,0.0,1,-1.0
2521912,0.78,0,78.0
2521913,0.0,1,-1.0
2521958,0.72,0,72.0
2521969,0.78,0,78.0
2521972,0.73,0,73.0
2521981,0.0,1,-1.0
2522032,0.75,0,75.0
2522055,0.76,0,76.0
2522060,0.98,0,98.0
2522081,0.93,0,93.0
2522195,0.0,1,-1.0
2522204,0.0,1,-1.0
2522209,0.0,1,-1.0
2522229,0.73,0,73.0
2522263,0.85,0,85.0
2522272,0.7,0,70.0
2522320,0.8,0,80.0
2522337,0.73,0,73.0
2522344,0.0,1,-1.0
2522386,0.0,1,-1.0
2522387,0.77,0,77.0
2522401,0.85,0,85.0
2522420,0.0,1,-1.0
2522525,0.0,1,-1.0
2522538,0.0,1,-1.0
2522578,0.73,0,73.0
2522665,0.0,1,-1.0
2522683,0.83,0,83.0
2522693,0.88,0,88.0
2522706,0.73,0,73.0
2522735,0.0,1,-1.0
2522784,0.0,1,-1.0
2522799,0.89,0,89.0
2522802,0.73,0,73.0
2522850,0.0,1,-1.0
2522853,0.0,1,-1.0
2522867,0.0,1,-1.0
2522871,0.0,1,-1.0
2522936,0.0,1,-1.0
2522961,0.77,0,77.0
2523003,0.93,0,93.0
2523007,0.73,0,73.0
2523016,0.75,0,75.0
2523021,0.0,1,-1.0
2523031,0.0,1,-1.0
2523089,0.0,1,-1.0
2523113,0.77,0,77.0
2523117,0.0,1,-1.0
2523131,0.0,1,-1.0
2523170,0.71,0,71.0
2523178,0.73,0,73.0
2523192,0.0,1,-1.0
2523196,0.73,0,73.0
2523233,0.73,0,73.0
2523267,0.73,0,73.0
2523291,0.91,0,91.0
2523295,0.73,0,73.0
2523317,0.73,0,73.0
2523519,0.0,1,-1.0
2523603,0.0,1,-1.0
2523631,0.73,0,73.0
2523718,0.73,0,73.0
2523754,0.73,0,73.0
2523771,0.0,1,-1.0
2523782,0.0,1,-1.0
2523834,0.74,0,74.0
2523839,0.77,0,77.0
2523865,0.0,1,-1.0
2523870,0.82,0,82.0
2523871,0.84,0,84.0
2523882,0.0,1,-1.0
2523915,0.73,0,73.0
2523956,0.92,0,92.0
2524012,0.88,0,88.0
2524013,0.0,1,-1.0
2524111,0.73,0,73.0
2524129,0.0,1,-1.0
2524209,0.73,0,73.0
2524238,0.0,1,-1.0
2524267,0.92,0,92.0
2524399,0.73,0,73.0
2524435,0.76,0,76.0
2524437,0.73,0,73.0
2524520,0.73,0,73.0
2524559,0.0,1,-1.0
2524566,0.0,1,-1.0
2524573,0.89,0,89.0
2524589,0.76,0,76.0
2524592,0.0,1,-1.0
2524597,0.73,0,73.0
2524656,0.0,1,-1.0
2524715,0.0,1,-1.0
2524730,0.75,0,75.0
2524791,0.91,0,91.0
2524824,0.0,1,-1.0
2524906,0.73,0,73.0
2524915,0.0,1,-1.0
2524931,0.0,1,-1.0
2524970,0.74,0,74.0
2524976,0.73,0,73.0
2525014,0.73,0,73.0
2525045,0.0,1,-1.0
2525116,0.84,0,84.0
2525120,0.86,0,86.0
2525127,0.0,1,-1.0
2525174,0.0,1,-1.0
2525190,0.0,1,-1.0
2525203,0.73,0,73.0
2525212,0.76,0,76.0
2525246,0.74,0,74.0
2525252,0.93,0,93.0
2525261,0.74,0,74.0
2525293,0.0,1,-1.0
2525297,0.0,1,-1.0
2525326,0.0,1,-1.0
2525329,0.0,1,-1.0
2525352,0.0,1,-1.0
2525382,0.93,0,93.0
2525406,0.0,1,-1.0
2525498,0.0,1,-1.0
2525546,0.83,0,83.0
2525694,0.74,0,74.0
2525698,0.0,1,-1.0
2525727,0.8,0,80.0
2525792,0.74,0,74.0
2525804,0.73,0,73.0
2525886,0.74,0,74.0
2525979,0.73,0,73.0
2525993,0.0,1,-1.0
2526046,0.0,1,-1.0
2526068,0.0,1,-1.0
2526153,0.0,1,-1.0
2526154,0.0,1,-1.0
2526194,0.0,1,-1.0
2526214,0.0,1,-1.0
2526224,0.0,1,-1.0
2526233,0.0,1,-1.0
2526244,0.0,1,-1.0
2526250,0.0,1,-1.0
2526260,0.92,0,92.0
2526310,0.75,0,75.0
2526325,0.0,1,-1.0
2526328,0.0,1,-1.0
2526399,0.87,0,87.0
2526424,0.74,0,74.0
2526441,0.0,1,-1.0
2526487,0.0,1,-1.0
2526505,0.0,1,-1.0
2526516,0.73,0,73.0
2526552,0.73,0,73.0
2526570,0.0,1,-1.0
2526592,0.0,1,-1.0
2526594,0.0,1,-1.0
2526607,0.73,0,73.0
2526612,0.0,1,-1.0
2526778,0.74,0,74.0
2526780,0.0,1,-1.0
2526848,0.73,0,73.0
2526879,0.0,1,-1.0
2526888,0.72,0,72.0
2526916,0.73,0,73.0
2526931,0.0,1,-1.0
2526941,0.0,1,-1.0
2526961,0.0,1,-1.0
2526982,0.0,1,-1.0
2526983,0.76,0,76.0
2527032,0.73,0,73.0
2527072,0.0,1,-1.0
2527079,0.73,0,73.0
2527189,0.0,1,-1.0
2527207,0.0,1,-1.0
2527235,0.73,0,73.0
2527241,0.0,1,-1.0
2527290,0.73,0,73.0
2527412,0.0,1,-1.0
2527419,0.0,1,-1.0
2527430,0.0,1,-1.0
2527472,0.74,0,74.0
2527515,0.75,0,75.0
2527531,0.0,1,-1.0
2527552,0.0,1,-1.0
2527557,0.73,0,73.0
2527643,0.0,1,-1.0
2527654,0.73,0,73.0
2527732,0.0,1,-1.0
2527756,0.73,0,73.0
2527758,0.0,1,-1.0
2527790,0.8,0,80.0
2527791,0.0,1,-1.0
2527850,0.0,1,-1.0
2527874,0.72,0,72.0
2527887,0.7,0,70.0
2527945,0.74,0,74.0
2527951,0.73,0,73.0
2527952,0.0,1,-1.0
2527980,0.0,1,-1.0
2528046,0.0,1,-1.0
2528121,0.0,1,-1.0
2528130,0.0,1,-1.0
2528159,0.0,1,-1.0
2528160,0.73,0,73.0
2528186,0.0,1,-1.0
2528218,0.72,0,72.0
2528263,0.0,1,-1.0
2528271,0.0,1,-1.0
2528333,0.73,0,73.0
2528334,0.76,0,76.0
2528360,0.84,0,84.0
2528382,0.0,1,-1.0
2528391,0.73,0,73.0
2528397,0.0,1,-1.0
2528399,0.73,0,73.0
2528417,0.73,0,73.0
2528437,0.73,0,73.0
2528448,0.74,0,74.0
2528498,0.73,0,73.0
2528512,0.8,0,80.0
2528580,0.0,1,-1.0
2528587,0.0,1,-1.0
2528590,0.73,0,73.0
2528615,0.79,0,79.0
2528618,0.0,1,-1.0
2528635,0.0,1,-1.0
2528654,0.0,1,-1.0
2528675,0.0,1,-1.0
2528769,0.9,0,90.0
2528872,0.71,0,71.0
2528919,0.73,0,73.0
2528945,0.0,1,-1.0
2528985,0.0,1,-1.0
2529008,0.73,0,73.0
2529094,0.78,0,78.0
2529099,0.0,1,-1.0
2529131,0.0,1,-1.0
2529157,0.74,0,74.0
2529160,0.73,0,73.0
2529285,0.0,1,-1.0
2529297,0.0,1,-1.0
2529331,0.0,1,-1.0
2529399,0.0,1,-1.0
2529428,0.0,1,-1.0
2529441,0.0,1,-1.0
2529472,0.73,0,73.0
2529479,0.0,1,-1.0
2529482,0.73,0,73.0
2529506,0.0,1,-1.0
2529539,0.0,1,-1.0
2529590,0.9,0,90.0
2529593,0.0,1,-1.0
2529617,0.73,0,73.0
2529657,0.74,0,74.0
2529680,0.82,0,82.0
2529711,0.73,0,73.0
2529726,0.65,0,65.0
2529732,0.73,0,73.0
2529746,0.79,0,79.0
2529750,0.69,0,69.0
2529862,0.0,1,-1.0
2529919,0.0,1,-1.0
2529932,0.0,1,-1.0
2529976,0.75,0,75.0
2529995,0.76,0,76.0
2530047,0.77,0,77.0
2530068,0.67,0,67.0
2530090,0.0,1,-1.0
2530100,0.76,0,76.0
2530180,0.73,0,73.0
2530322,0.0,1,-1.0
2530376,0.78,0,78.0
2530414,0.74,0,74.0
2530431,0.0,1,-1.0
2530441,0.0,1,-1.0
2530447,0.67,0,67.0
2530473,0.73,0,73.0
2530534,0.0,1,-1.0
2530555,0.88,0,88.0
2530569,0.73,0,73.0
2530630,0.0,1,-1.0
2530641,0.73,0,73.0
2530663,0.74,0,74.0
2530690,0.0,1,-1.0
2530700,0.73,0,73.0
2530707,0.73,0,73.0
2530721,0.0,1,-1.0
2530834,0.0,1,-1.0
2530848,0.0,1,-1.0
2530849,0.0,1,-1.0
2530853,0.0,1,-1.0
2530906,0.72,0,72.0
2530917,0.0,1,-1.0
2530935,0.0,1,-1.0
2530996,0.0,1,-1.0
2531054,0.72,0,72.0
2531063,0.77,0,77.0
2531096,0.85,0,85.0
2531157,0.0,1,-1.0
2531179,0.76,0,76.0
2531181,0.73,0,73.0
2531185,0.0,1,-1.0
2531214,0.0,1,-1.0
2531232,0.85,0,85.0
2531254,0.96,0,96.0
2531276,0.81,0,81.0
2531356,0.73,0,73.0
2531376,0.83,0,83.0
2531426,0.0,1,-1.0
2531432,0.73,0,73.0
2531491,0.0,1,-1.0
2531514,0.0,1,-1.0
2531540,0.0,1,-1.0
2531548,0.0,1,-1.0
2531580,0.0,1,-1.0
2531623,0.0,1,-1.0
2531646,0.0,1,-1.0
2531723,0.0,1,-1.0
2531771,1.0,0,100.0
2531778,0.74,0,74.0
2531781,0.73,0,73.0
2531787,0.73,0,73.0
2531792,0.74,0,74.0
2531805,0.73,0,73.0
2531822,0.94,0,94.0
2531846,0.73,0,73.0
2531851,0.73,0,73.0
2531871,0.74,0,74.0
2531893,0.73,0,73.0
2531960,0.0,1,-1.0
2531970,0.72,0,72.0
2532004,0.0,1,-1.0
2532006,0.73,0,73.0
2532053,0.0,1,-1.0
2532059,0.0,1,-1.0
2532136,0.78,0,78.0
2532139,0.73,0,73.0
2532153,0.78,0,78.0
2532211,0.73,0,73.0
2532219,0.73,0,73.0
2532238,0.0,1,-1.0
2532305,0.0,1,-1.0
2532314,0.0,1,-1.0
2532351,0.73,0,73.0
2532370,0.73,0,73.0
2532380,0.74,0,74.0
2532427,0.0,1,-1.0
2532439,0.0,1,-1.0
2532442,0.73,0,73.0
2532468,0.0,1,-1.0
2532479,0.0,1,-1.0
2532480,0.73,0,73.0
2532486,0.0,1,-1.0
2532493,0.73,0,73.0
2532545,0.0,1,-1.0
2532564,0.73,0,73.0
2532589,0.0,1,-1.0
2532629,0.0,1,-1.0
2532636,0.0,1,-1.0
2532650,0.0,1,-1.0
2532681,0.0,1,-1.0
2532764,0.0,1,-1.0
2532791,0.0,1,-1.0
2532844,0.73,0,73.0
2532864,0.85,0,85.0
2532878,0.0,1,-1.0
2532986,0.0,1,-1.0
2533084,0.81,0,81.0
2533142,0.73,0,73.0
2533170,0.0,1,-1.0
2533199,0.0,1,-1.0
2533265,0.74,0,74.0
2533283,0.73,0,73.0
2533309,0.73,0,73.0
2533315,0.0,1,-1.0
2533335,0.0,1,-1.0
2533341,0.95,0,95.0
2533355,0.0,1,-1.0
2533414,0.73,0,73.0
2533422,0.0,1,-1.0
2533443,0.0,1,-1.0
2533455,0.0,1,-1.0
2533513,0.73,0,73.0
2533528,0.77,0,77.0
2533587,0.0,1,-1.0
2533640,0.73,0,73.0
2533685,0.73,0,73.0
2533720,0.77,0,77.0
2533721,0.0,1,-1.0
2533738,0.0,1,-1.0
2533739,0.0,1,-1.0
2533743,0.73,0,73.0
2533765,0.0,1,-1.0
2533793,0.93,0,93.0
2533819,0.0,1,-1.0
2533861,0.0,1,-1.0
2533975,0.0,1,-1.0
2534076,0.0,1,-1.0
2534094,0.73,0,73.0
2534095,0.0,1,-1.0
2534145,0.0,1,-1.0
2534205,0.0,1,-1.0
2534207,0.0,1,-1.0
2534213,0.0,1,-1.0
2534228,0.0,1,-1.0
2534373,0.82,0,82.0
2534378,0.0,1,-1.0
2534504,0.91,0,91.0
2534506,0.0,1,-1.0
2534527,0.73,0,73.0
2534578,0.8,0,80.0
2534641,0.0,1,-1.0
2534688,0.86,0,86.0
2534694,0.0,1,-1.0
2534696,0.0,1,-1.0
2534733,0.0,1,-1.0
2534781,0.0,1,-1.0
2534833,0.0,1,-1.0
2534884,0.0,1,-1.0
2534994,0.73,0,73.0
2535014,0.0,1,-1.0
2535163,0.0,1,-1.0
2535199,0.0,1,-1.0
2535229,0.0,1,-1.0
2535244,0.77,0,77.0
2535248,0.85,0,85.0
2535282,0.73,0,73.0
2535339,0.0,1,-1.0
2535354,0.73,0,73.0
2535413,0.93,0,93.0
2535415,0.72,0,72.0
2535445,0.94,0,94.0
2535457,0.73,0,73.0
2535497,0.0,1,-1.0
2535509,0.74,0,74.0
2535558,0.73,0,73.0
2535600,0.76,0,76.0
2535703,0.0,1,-1.0
2535718,0.73,0,73.0
2535793,0.73,0,73.0
2535803,0.0,1,-1.0
2535839,0.73,0,73.0
2535846,0.0,1,-1.0
2535849,0.0,1,-1.0
2535873,0.0,1,-1.0
2535879,0.73,0,73.0
2535881,0.0,1,-1.0
2535941,0.73,0,73.0
2535948,0.0,1,-1.0
2535957,0.75,0,75.0
2535993,0.72,0,72.0
2536025,0.0,1,-1.0
2536040,0.0,1,-1.0
2536070,0.75,0,75.0
2536102,0.83,0,83.0
2536110,0.74,0,74.0
2536130,0.0,1,-1.0
2536132,0.0,1,-1.0
2536180,0.0,1,-1.0
2536188,0.0,1,-1.0
2536212,0.0,1,-1.0
2536216,0.73,0,73.0
2536245,0.0,1,-1.0
2536273,0.0,1,-1.0
2536314,0.97,0,97.0
2536324,0.0,1,-1.0
2536344,0.0,1,-1.0
2536361,0.91,0,91.0
2536362,0.0,1,-1.0
2536363,0.0,1,-1.0
2536364,0.0,1,-1.0
2536375,0.73,0,73.0
2536393,0.0,1,-1.0
2536396,0.0,1,-1.0
2536397,0.0,1,-1.0
2536430,0.0,1,-1.0
2536462,0.73,0,73.0
2536476,0.73,0,73.0
2536490,0.0,1,-1.0
2536497,0.0,1,-1.0
2536500,0.0,1,-1.0
2536535,0.0,1,-1.0
2536548,0.85,0,85.0
2536560,0.0,1,-1.0
2536572,0.0,1,-1.0
2536575,0.0,1,-1.0
2536634,0.0,1,-1.0
2536660,0.0,1,-1.0
2536669,0.92,0,92.0
2536674,0.0,1,-1.0
2536680,0.0,1,-1.0
2536707,0.74,0,74.0
2536709,0.86,0,86.0
2536720,0.0,1,-1.0
2536738,0.0,1,-1.0
2536812,0.0,1,-1.0
2536817,0.74,0,74.0
2536871,0.84,0,84.0
2536910,0.0,1,-1.0
2536917,0.0,1,-1.0
2536928,0.73,0,73.0
2536959,0.0,1,-1.0
2537096,0.73,0,73.0
2537101,0.0,1,-1.0
2537121,0.0,1,-1.0
2537149,0.73,0,73.0
2537223,0.0,1,-1.0
2537267,0.89,0,89.0
2537297,0.64,0,64.0
2537396,0.77,0,77.0
2537397,0.0,1,-1.0
2537427,0.0,1,-1.0
2537430,0.0,1,-1.0
2537438,0.0,1,-1.0
2537447,0.73,0,73.0
2537494,0.74,0,74.0
2537499,0.0,1,-1.0
2537522,0.0,1,-1.0
2537558,0.73,0,73.0
2537566,0.79,0,79.0
2537649,0.0,1,-1.0
2537701,0.0,1,-1.0
2537703,0.0,1,-1.0
2537718,0.74,0,74.0
2537719,0.74,0,74.0
2537786,0.76,0,76.0
2537797,0.0,1,-1.0
2537805,0.0,1,-1.0
2537816,0.76,0,76.0
2537825,0.77,0,77.0
2537827,0.0,1,-1.0
2537853,0.0,1,-1.0
2537863,0.0,1,-1.0
2537890,0.0,1,-1.0
2537912,0.73,0,73.0
2537973,0.96,0,96.0
2537983,0.0,1,-1.0
2538054,0.73,0,73.0
2538059,0.0,1,-1.0
2538078,0.0,1,-1.0
2538085,0.73,0,73.0
2538087,0.0,1,-1.0
2538128,0.85,0,85.0
2538193,0.73,0,73.0
2538229,0.73,0,73.0
2538244,0.0,1,-1.0
2538257,0.0,1,-1.0
2538309,0.0,1,-1.0
2538313,0.0,1,-1.0
2538315,0.94,0,94.0
2538321,0.0,1,-1.0
2538339,0.8,0,80.0
2538347,0.0,1,-1.0
2538371,0.0,1,-1.0
2538372,0.0,1,-1.0
2538402,0.0,1,-1.0
2538419,0.73,0,73.0
2538420,0.0,1,-1.0
2538444,0.0,1,-1.0
2538495,0.0,1,-1.0
2538542,0.0,1,-1.0
2538547,0.0,1,-1.0
2538557,0.72,0,72.0
2538604,0.0,1,-1.0
2538620,0.73,0,73.0
2538644,0.0,1,-1.0
2538680,0.0,1,-1.0
2538714,0.73,0,73.0
2538740,0.0,1,-1.0
2538742,0.0,1,-1.0
2538788,0.0,1,-1.0
2538792,0.73,0,73.0
2538828,0.0,1,-1.0
2538874,0.72,0,72.0
2538914,0.76,0,76.0
2538960,0.0,1,-1.0
2538977,0.0,1,-1.0
2539015,0.0,1,-1.0
2539018,0.0,1,-1.0
2539031,1.0,0,100.0
2539033,0.0,1,-1.0
2539040,0.68,0,68.0
2539048,0.0,1,-1.0
2539060,0.0,1,-1.0
2539062,0.73,0,73.0
2539063,0.73,0,73.0
2539071,0.73,0,73.0
2539079,0.0,1,-1.0
2539080,0.73,0,73.0
2539092,0.82,0,82.0
2539140,0.8,0,80.0
2539148,0.73,0,73.0
2539151,0.0,1,-1.0
2539156,0.0,1,-1.0
2539195,0.0,1,-1.0
2539203,0.89,0,89.0
2539211,0.0,1,-1.0
2539221,0.0,1,-1.0
2539233,0.0,1,-1.0
2539244,0.0,1,-1.0
2539261,0.73,0,73.0
2539281,0.95,0,95.0
2539287,0.73,0,73.0
2539289,0.0,1,-1.0
2539292,0.0,1,-1.0
2539296,0.0,1,-1.0
2539304,0.73,0,73.0
2539325,0.73,0,73.0
2539364,0.0,1,-1.0
2539374,0.73,0,73.0
2539385,0.73,0,73.0
2539387,0.0,1,-1.0
2539394,0.74,0,74.0
2539399,0.0,1,-1.0
2539403,0.0,1,-1.0
2539405,0.0,1,-1.0
2539409,0.83,0,83.0
2539414,0.0,1,-1.0
2539446,0.0,1,-1.0
2539459,0.77,0,77.0
2539489,0.0,1,-1.0
2539513,0.73,0,73.0
2539528,0.0,1,-1.0
2539540,0.0,1,-1.0
2539547,0.0,1,-1.0
2539594,0.0,1,-1.0
2539595,0.74,0,74.0
2539690,0.0,1,-1.0
2539730,0.94,0,94.0
2539804,0.73,0,73.0
2539812,0.0,1,-1.0
2539815,0.0,1,-1.0
2539866,0.73,0,73.0
2539872,0.88,0,88.0
2539875,0.0,1,-1.0
2539904,0.0,1,-1.0
2539928,0.73,0,73.0
2539942,0.0,1,-1.0
2539948,0.0,1,-1.0
2539962,0.97,0,97.0
2539980,0.91,0,91.0
2540013,0.0,1,-1.0
2540032,0.73,0,73.0
2540084,0.0,1,-1.0
2540126,0.0,1,-1.0
2540166,0.0,1,-1.0
2540173,0.73,0,73.0
2540186,0.73,0,73.0
2540188,0.75,0,75.0
2540222,0.0,1,-1.0
2540258,0.75,0,75.0
2540282,0.0,1,-1.0
2540300,0.0,1,-1.0
2540362,0.0,1,-1.0
2540407,0.0,1,-1.0
2540476,0.0,1,-1.0
2540484,0.0,1,-1.0
2540497,0.85,0,85.0
2540498,0.0,1,-1.0
2540515,0.0,1,-1.0
2540575,0.0,1,-1.0
2540585,0.0,1,-1.0
2540590,0.0,1,-1.0
2540596,0.0,1,-1.0
2540604,0.77,0,77.0
2540642,0.73,0,73.0
2540666,0.8,0,80.0
2540670,0.0,1,-1.0
2540674,0.0,1,-1.0
2540717,0.0,1,-1.0
2540722,0.0,1,-1.0
2540724,0.0,1,-1.0
2540737,0.74,0,74.0
2540744,0.0,1,-1.0
2540750,0.0,1,-1.0
2540765,0.0,1,-1.0
2540769,0.0,1,-1.0
2540778,0.0,1,-1.0
2540808,0.0,1,-1.0
2540816,0.73,0,73.0
2540844,0.81,0,81.0
2540861,0.74,0,74.0
2540892,0.0,1,-1.0
2540894,0.0,1,-1.0
2540934,0.74,0,74.0
2540946,0.73,0,73.0
2540963,0.0,1,-1.0
2540981,0.0,1,-1.0
2540993,0.0,1,-1.0
2541083,0.0,1,-1.0
2541088,0.0,1,-1.0
2541092,0.73,0,73.0
2541106,0.83,0,83.0
2541174,0.0,1,-1.0
2541175,0.0,1,-1.0
2541202,0.72,0,72.0
2541231,0.88,0,88.0
2541255,0.0,1,-1.0
2541258,0.0,1,-1.0
2541261,0.0,1,-1.0
2541298,0.0,1,-1.0
2541327,0.73,0,73.0
2541331,0.0,1,-1.0
2541365,0.0,1,-1.0
2541384,0.0,1,-1.0
2541391,0.0,1,-1.0
2541413,0.77,0,77.0
2541416,0.0,1,-1.0
2541418,0.0,1,-1.0
2541423,0.0,1,-1.0
2541427,0.76,0,76.0
2541458,0.0,1,-1.0
2541461,0.0,1,-1.0
2541465,0.0,1,-1.0
2541474,0.0,1,-1.0
2541479,0.0,1,-1.0
2541485,0.0,1,-1.0
2541486,0.73,0,73.0
2541547,0.73,0,73.0
2541581,0.87,0,87.0
2541604,0.0,1,-1.0
2541623,0.0,1,-1.0
2541629,0.0,1,-1.0
2541637,0.0,1,-1.0
2541664,0.0,1,-1.0
2541665,0.74,0,74.0
2541704,0.0,1,-1.0
2541710,0.0,1,-1.0
2541712,0.0,1,-1.0
2541781,0.81,0,81.0
2541843,0.75,0,75.0
2541892,0.72,0,72.0
2541897,0.0,1,-1.0
2541904,0.86,0,86.0
2541913,0.73,0,73.0
2541944,0.0,1,-1.0
2541960,0.0,1,-1.0
2541984,0.0,1,-1.0
2541997,0.0,1,-1.0
2542046,0.73,0,73.0
2542047,0.0,1,-1.0
2542083,0.0,1,-1.0
2542128,0.0,1,-1.0
2542162,0.0,1,-1.0
2542173,0.0,1,-1.0
2542178,0.83,0,83.0
2542185,0.73,0,73.0
2542194,0.0,1,-1.0
2542199,0.0,1,-1.0
2542232,0.0,1,-1.0
2542247,0.71,0,71.0
2542263,0.0,1,-1.0
2542264,0.0,1,-1.0
2542267,0.73,0,73.0
2542356,0.79,0,79.0
2542375,0.0,1,-1.0
2542378,0.0,1,-1.0
2542398,0.75,0,75.0
2542406,0.0,1,-1.0
2542414,0.0,1,-1.0
2542416,0.0,1,-1.0
2542418,0.0,1,-1.0
2542472,0.0,1,-1.0
2542505,0.68,0,68.0
2542532,0.0,1,-1.0
2542538,0.0,1,-1.0
2542549,0.73,0,73.0
2542598,0.0,1,-1.0
2542607,0.74,0,74.0
2542613,0.0,1,-1.0
2542618,0.0,1,-1.0
2542645,0.73,0,73.0
2542651,0.0,1,-1.0
2542664,0.87,0,87.0
2542668,0.0,1,-1.0
2542710,0.0,1,-1.0
2542739,0.0,1,-1.0
2542773,0.89,0,89.0
2542804,0.0,1,-1.0
2542846,0.0,1,-1.0
2542851,0.0,1,-1.0
2542854,0.0,1,-1.0
2542867,0.0,1,-1.0
2542889,0.0,1,-1.0
2542900,0.74,0,74.0
2542904,0.73,0,73.0
2542920,0.73,0,73.0
2542965,0.77,0,77.0
2542997,0.74,0,74.0
2543001,0.0,1,-1.0
2543054,0.0,1,-1.0
2543061,0.73,0,73.0
2543087,0.0,1,-1.0
2543179,0.0,1,-1.0
2543219,0.86,0,86.0
2543232,0.0,1,-1.0
2543245,0.0,1,-1.0
2543274,0.0,1,-1.0
2543301,0.0,1,-1.0
2543306,0.73,0,73.0
2543372,0.75,0,75.0
2543413,0.73,0,73.0
2543418,0.0,1,-1.0
2543429,0.0,1,-1.0
2543434,0.0,1,-1.0
2543440,0.0,1,-1.0
2543445,0.0,1,-1.0
2543447,0.78,0,78.0
2543465,0.0,1,-1.0
2543515,0.74,0,74.0
2543550,0.73,0,73.0
2543557,0.0,1,-1.0
2543559,0.77,0,77.0
2543564,0.8,0,80.0
2543579,0.0,1,-1.0
2543581,0.8,0,80.0
2543615,0.73,0,73.0
2543627,0.73,0,73.0
2543650,0.0,1,-1.0
2543658,0.0,1,-1.0
2543691,0.0,1,-1.0
2543703,0.74,0,74.0
2543749,0.0,1,-1.0
2543794,0.73,0,73.0
2543838,0.0,1,-1.0
2543869,0.0,1,-1.0
2543873,0.0,1,-1.0
2543881,0.0,1,-1.0
2543887,0.0,1,-1.0
2543929,0.0,1,-1.0
2543945,0.0,1,-1.0
2543950,0.73,0,73.0
2543972,0.0,1,-1.0
2543998,0.0,1,-1.0
2544006,0.73,0,73.0
2544028,0.0,1,-1.0
2544040,0.0,1,-1.0
2544063,0.0,1,-1.0
2544098,0.74,0,74.0
2544100,0.88,0,88.0
2544126,0.73,0,73.0
2544156,0.0,1,-1.0
2544174,0.0,1,-1.0
2544180,0.73,0,73.0
2544182,0.0,1,-1.0
2544194,0.0,1,-1.0
2544224,0.73,0,73.0
2544250,0.73,0,73.0
2544285,0.0,1,-1.0
2544287,0.0,1,-1.0
2544292,0.0,1,-1.0
2544301,0.0,1,-1.0
2544315,0.0,1,-1.0
2544332,0.0,1,-1.0
2544333,0.0,1,-1.0
2544382,0.73,0,73.0
2544408,0.0,1,-1.0
2544413,0.0,1,-1.0
2544423,0.73,0,73.0
2544443,0.73,0,73.0
2544456,0.73,0,73.0
2544503,0.0,1,-1.0
2544528,0.0,1,-1.0
2544569,0.0,1,-1.0
2544600,0.0,1,-1.0
2544624,0.0,1,-1.0
2544655,0.73,0,73.0
2544656,0.0,1,-1.0
2544659,0.75,0,75.0
2544668,0.0,1,-1.0
2544676,0.84,0,84.0
2544730,0.97,0,97.0
2544747,0.73,0,73.0
2544750,0.0,1,-1.0
2544757,0.0,1,-1.0
2544763,0.73,0,73.0
2544785,0.0,1,-1.0
2544787,0.0,1,-1.0
2544801,0.0,1,-1.0
2544808,0.0,1,-1.0
2544817,0.0,1,-1.0
2544831,0.0,1,-1.0
2544857,0.0,1,-1.0
2544916,0.93,0,93.0
2544917,0.0,1,-1.0
2545012,0.73,0,73.0
2545046,0.0,1,-1.0
2545070,0.92,0,92.0
2545092,0.76,0,76.0
2545097,0.75,0,75.0
2545100,0.77,0,77.0
2545112,0.73,0,73.0
2545132,0.0,1,-1.0
2545152,0.75,0,75.0
2545166,0.73,0,73.0
2545180,0.73,0,73.0
2545213,0.73,0,73.0
2545240,0.0,1,-1.0
2545249,0.0,1,-1.0
2545272,0.98,0,98.0
2545275,0.0,1,-1.0
2545277,0.0,1,-1.0
2545281,0.0,1,-1.0
2545300,0.0,1,-1.0
2545310,0.0,1,-1.0
2545362,0.0,1,-1.0
2545375,0.0,1,-1.0
2545378,0.0,1,-1.0
2545379,0.0,1,-1.0
2545446,0.0,1,-1.0
2545480,0.73,0,73.0
2545484,0.0,1,-1.0
2545522,0.0,1,-1.0
2545537,0.0,1,-1.0
2545615,0.0,1,-1.0
2545622,0.73,0,73.0
2545627,0.0,1,-1.0
2545662,0.75,0,75.0
2545679,0.0,1,-1.0
2545687,0.0,1,-1.0
2545689,0.0,1,-1.0
2545690,0.0,1,-1.0
2545698,0.0,1,-1.0
2545710,0.0,1,-1.0
2545718,0.0,1,-1.0
2545748,0.84,0,84.0
2545749,0.79,0,79.0
2545771,0.0,1,-1.0
2545799,0.0,1,-1.0
2545801,0.0,1,-1.0
2545830,0.0,1,-1.0
2545853,0.0,1,-1.0
2545854,0.78,0,78.0
2545856,0.0,1,-1.0
2545869,0.0,1,-1.0
2545881,0.83,0,83.0
2545912,0.78,0,78.0
2545947,0.0,1,-1.0
2545992,0.0,1,-1.0
2546004,0.0,1,-1.0
2546024,0.73,0,73.0
2546075,0.73,0,73.0
2546092,0.78,0,78.0
2546118,0.74,0,74.0
2546145,0.0,1,-1.0
2546170,0.0,1,-1.0
2546197,0.83,0,83.0
2546210,0.68,0,68.0
2546241,0.73,0,73.0
2546250,0.78,0,78.0
2546281,0.0,1,-1.0
2546363,0.73,0,73.0
2546401,0.0,1,-1.0
2546435,0.0,1,-1.0
2546447,0.0,1,-1.0
2546448,0.0,1,-1.0
2546500,0.0,1,-1.0
2546544,0.83,0,83.0
2546547,0.0,1,-1.0
2546555,0.74,0,74.0
2546564,0.0,1,-1.0
2546578,0.0,1,-1.0
2546603,0.0,1,-1.0
2546663,0.0,1,-1.0
2546710,0.0,1,-1.0
2546711,0.0,1,-1.0
2546722,0.0,1,-1.0
2546732,0.0,1,-1.0
2546744,0.0,1,-1.0
2546766,0.73,0,73.0
2546772,0.0,1,-1.0
2546780,0.0,1,-1.0
2546796,0.73,0,73.0
2546858,0.73,0,73.0
2546934,0.73,0,73.0
2546954,0.0,1,-1.0
2546970,0.71,0,71.0
2546978,0.73,0,73.0
2546981,0.86,0,86.0
2547015,0.0,1,-1.0
2547023,0.83,0,83.0
2547068,0.73,0,73.0
2547108,0.0,1,-1.0
2547120,0.75,0,75.0
2547179,0.74,0,74.0
3056721,0.7,0,70.0
3056760,0.73,0,73.0
3056795,0.73,0,73.0
3056814,0.73,0,73.0
3056876,0.0,1,-1.0
3056883,0.0,1,-1.0
3056917,0.0,1,-1.0
3056931,0.86,0,86.0
3056962,0.0,1,-1.0
3056980,0.73,0,73.0
3056995,0.88,0,88.0
3056999,0.0,1,-1.0
3057002,0.0,1,-1.0
3057008,0.73,0,73.0
3057054,0.73,0,73.0
3057075,0.0,1,-1.0
3057109,0.72,0,72.0
3057177,0.0,1,-1.0
3057205,0.0,1,-1.0
3057234,0.77,0,77.0
3057264,0.73,0,73.0
3057291,0.0,1,-1.0
3057315,1.0,0,100.0
3057358,0.0,1,-1.0
3057369,0.73,0,73.0
3057550,0.73,0,73.0
3057557,0.73,0,73.0
3057659,0.63,0,63.0
3057696,0.96,0,96.0
3057726,0.77,0,77.0
3057746,0.0,1,-1.0
3057857,0.73,0,73.0
3057949,0.73,0,73.0
3057956,0.0,1,-1.0
3057961,0.0,1,-1.0
3058063,0.73,0,73.0
3058108,0.73,0,73.0
3058118,0.0,1,-1.0
3058125,0.0,1,-1.0
3058143,0.73,0,73.0
3058236,0.0,1,-1.0
3058307,0.0,1,-1.0
3058328,0.0,1,-1.0
3058339,0.84,0,84.0
3058412,0.74,0,74.0
3058441,0.73,0,73.0
3058505,0.74,0,74.0
3058557,0.73,0,73.0
3058561,0.73,0,73.0
3058568,0.73,0,73.0
3058584,0.0,1,-1.0
3058596,0.73,0,73.0
3058604,0.73,0,73.0
3058609,0.73,0,73.0
3058669,0.0,1,-1.0
3058670,0.0,1,-1.0
3058701,0.0,1,-1.0
3058724,0.78,0,78.0
3058732,0.0,1,-1.0
3058770,0.73,0,73.0
3058771,0.0,1,-1.0
3058776,0.0,1,-1.0
3058800,0.0,1,-1.0
3058848,0.74,0,74.0
3058856,0.0,1,-1.0
3058870,0.0,1,-1.0
3058946,0.72,0,72.0
3058965,0.73,0,73.0
3059033,0.74,0,74.0
3059099,0.0,1,-1.0
3059131,0.0,1,-1.0
3059164,0.77,0,77.0
3059170,0.0,1,-1.0
3059255,0.0,1,-1.0
3059270,0.0,1,-1.0
3059308,0.0,1,-1.0
3059338,0.0,1,-1.0
3059399,0.73,0,73.0
3059423,0.0,1,-1.0
3059469,0.73,0,73.0
3059582,0.0,1,-1.0
3059637,0.0,1,-1.0
3059690,0.86,0,86.0
3059715,0.0,1,-1.0
3059717,0.0,1,-1.0
3059731,0.78,0,78.0
3059785,0.74,0,74.0
3059839,0.73,0,73.0
3059858,0.73,0,73.0
3059860,0.0,1,-1.0
3059877,0.0,1,-1.0
3059952,0.0,1,-1.0
3060001,0.0,1,-1.0
3060062,0.75,0,75.0
3060066,0.0,1,-1.0
3060100,0.0,1,-1.0
3060118,0.78,0,78.0
3060123,0.0,1,-1.0
3060133,0.73,0,73.0
3060143,0.0,1,-1.0
3060152,0.0,1,-1.0
3060159,0.73,0,73.0
3060177,0.0,1,-1.0
3060214,0.0,1,-1.0
3060215,0.9,0,90.0
3060263,0.73,0,73.0
3060275,0.94,0,94.0
3060314,0.0,1,-1.0
3060350,0.0,1,-1.0
3060355,0.72,0,72.0
3060362,0.0,1,-1.0
3060506,0.0,1,-1.0
3060515,0.0,1,-1.0
3060518,0.78,0,78.0
3060553,0.0,1,-1.0
3060572,0.0,1,-1.0
3060582,0.73,0,73.0
3060664,0.77,0,77.0
3060737,0.75,0,75.0
3060760,0.0,1,-1.0
3060791,0.73,0,73.0
3060852,0.0,1,-1.0
3060942,0.73,0,73.0
3061005,0.9,0,90.0
3061071,0.74,0,74.0
3061078,0.0,1,-1.0
3061100,0.48,0,48.0
3061116,0.0,1,-1.0
3061132,0.82,0,82.0
3061135,0.74,0,74.0
3061141,0.73,0,73.0
3061161,0.0,1,-1.0
3061191,0.0,1,-1.0
3061202,0.0,1,-1.0
3061268,0.73,0,73.0
3061271,0.73,0,73.0
3061315,0.75,0,75.0
3061363,0.73,0,73.0
3061372,0.73,0,73.0
3061461,0.88,0,88.0
3061471,0.73,0,73.0
3061472,0.73,0,73.0
3061514,0.73,0,73.0
3061529,0.0,1,-1.0
3061586,0.0,1,-1.0
3061601,0.0,1,-1.0
3061640,0.73,0,73.0
3061657,0.0,1,-1.0
3061689,0.7,0,70.0
3061764,0.0,1,-1.0
3061871,0.0,1,-1.0
3061880,0.73,0,73.0
3061952,0.0,1,-1.0
3061982,0.0,1,-1.0
3062006,0.84,0,84.0
3062043,0.71,0,71.0
3062078,0.0,1,-1.0
3062080,0.91,0,91.0
3062097,0.73,0,73.0
3062100,0.74,0,74.0
3062105,0.0,1,-1.0
3062227,0.73,0,73.0
3062236,0.73,0,73.0
3062245,0.0,1,-1.0
3062310,0.73,0,73.0
3062326,0.0,1,-1.0
3062370,1.0,0,100.0
3062386,0.76,0,76.0
3062397,0.0,1,-1.0
3062448,0.73,0,73.0
3062601,0.73,0,73.0
3062607,0.0,1,-1.0
3062609,0.0,1,-1.0
3062693,0.79,0,79.0
3062724,0.73,0,73.0
3062757,0.0,1,-1.0
3062785,0.0,1,-1.0
3062876,0.73,0,73.0
3062903,0.0,1,-1.0
3062954,0.73,0,73.0
3062962,0.73,0,73.0
3063035,0.0,1,-1.0
3063093,0.73,0,73.0
3063123,0.73,0,73.0
3063151,0.0,1,-1.0
3063219,0.73,0,73.0
3063223,0.73,0,73.0
3063258,0.73,0,73.0
3063288,0.81,0,81.0
3063307,0.96,0,96.0
3063341,0.96,0,96.0
3063379,0.73,0,73.0
3063383,0.73,0,73.0
3063418,0.79,0,79.0
3063501,0.0,1,-1.0
3063598,0.73,0,73.0
3063605,0.0,1,-1.0
3063809,0.0,1,-1.0
3063875,0.73,0,73.0
3064041,0.73,0,73.0
3064233,0.78,0,78.0
3064245,0.93,0,93.0
3064267,0.73,0,73.0
3064337,0.82,0,82.0
3064341,0.73,0,73.0
3064380,0.73,0,73.0
3064382,0.0,1,-1.0
3064512,0.73,0,73.0
3064564,0.73,0,73.0
3064587,0.73,0,73.0
3064618,0.0,1,-1.0
3064623,0.84,0,84.0
3064710,0.88,0,88.0
3064723,0.0,1,-1.0
3064785,0.73,0,73.0
3064821,0.0,1,-1.0
3064823,0.74,0,74.0
3064858,0.8,0,80.0
3064908,0.73,0,73.0
3064919,0.73,0,73.0
3064956,0.71,0,71.0
3064997,0.88,0,88.0
3065112,0.73,0,73.0
3065151,0.0,1,-1.0
3065257,0.74,0,74.0
3065297,0.73,0,73.0
3065393,0.73,0,73.0
3065447,0.73,0,73.0
3065450,0.73,0,73.0
3065480,0.75,0,75.0
3065524,0.99,0,99.0
3065531,0.73,0,73.0
3065593,0.7,0,70.0
3065659,0.73,0,73.0
3065662,0.73,0,73.0
3065696,0.73,0,73.0
3065712,0.73,0,73.0
3065744,0.8,0,80.0
3065748,0.74,0,74.0
3065807,0.73,0,73.0
3065821,0.79,0,79.0
3065851,0.0,1,-1.0
3065968,0.73,0,73.0
3065969,0.73,0,73.0
3066094,0.0,1,-1.0
3066123,0.0,1,-1.0
3066472,0.0,1,-1.0
3066579,0.73,0,73.0
3066591,0.74,0,74.0
3066632,0.0,1,-1.0
3066673,0.0,1,-1.0
3066717,0.74,0,74.0
3066732,0.94,0,94.0
3066765,0.73,0,73.0
3066778,0.73,0,73.0
3066810,0.0,1,-1.0
3066854,0.83,0,83.0
3066880,0.77,0,77.0
3066945,0.73,0,73.0
3066978,0.73,0,73.0
3067029,0.74,0,74.0
3067086,0.73,0,73.0
3067149,0.73,0,73.0
3067277,0.79,0,79.0
3067326,0.73,0,73.0
3067340,0.74,0,74.0
3067366,0.0,1,-1.0
3067424,0.74,0,74.0
3067547,0.0,1,-1.0
3067589,0.73,0,73.0
3067747,0.73,0,73.0
3067817,0.73,0,73.0
3067913,0.73,0,73.0
3067923,0.73,0,73.0
3067976,1.0,0,100.0
3068018,0.72,0,72.0
3068069,0.78,0,78.0
3068105,0.73,0,73.0
3068119,0.73,0,73.0
3068145,0.73,0,73.0
3068191,0.9,0,90.0
3068193,0.73,0,73.0
3068295,0.96,0,96.0
3068315,0.73,0,73.0
3068400,0.73,0,73.0
3068426,0.73,0,73.0
3068436,0.78,0,78.0
3068444,0.83,0,83.0
3068456,0.74,0,74.0
3068526,0.74,0,74.0
3068569,0.81,0,81.0
3068577,0.88,0,88.0
3068699,0.0,1,-1.0
3068737,0.0,1,-1.0
3068827,0.71,0,71.0
3068932,0.74,0,74.0
3069062,0.71,0,71.0
3069084,0.0,1,-1.0
3069124,0.83,0,83.0
3069217,0.78,0,78.0
3069263,0.73,0,73.0
3069274,0.73,0,73.0
3069300,0.73,0,73.0
3069374,0.73,0,73.0
3069441,0.73,0,73.0
3069501,0.0,1,-1.0
3069528,0.71,0,71.0
3069548,0.73,0,73.0
3069565,0.0,1,-1.0
3069647,0.73,0,73.0
3069771,0.73,0,73.0
3069851,0.73,0,73.0
3069871,0.83,0,83.0
3069940,0.74,0,74.0
3069957,0.83,0,83.0
3070003,0.73,0,73.0
3070029,0.73,0,73.0
3070036,0.73,0,73.0
3070140,1.0,0,100.0
3070360,0.72,0,72.0
3070431,0.0,1,-1.0
3070511,0.79,0,79.0
3070661,0.69,0,69.0
3070790,0.8,0,80.0
3070834,0.73,0,73.0
3070854,0.73,0,73.0
3070886,0.0,1,-1.0
3070951,0.75,0,75.0
3070962,0.73,0,73.0
3071186,0.93,0,93.0
3071280,0.73,0,73.0
3071330,0.73,0,73.0
3071340,0.78,0,78.0
3071380,0.0,1,-1.0
3071385,0.82,0,82.0
3071392,0.91,0,91.0
3071513,0.75,0,75.0
3071591,0.0,1,-1.0
3071603,0.73,0,73.0
3071711,0.73,0,73.0
3071733,0.73,0,73.0
3072150,0.73,0,73.0
3072172,0.71,0,71.0
3072209,0.76,0,76.0
3072219,0.78,0,78.0
3072266,0.95,0,95.0
3072300,0.89,0,89.0
3072398,0.73,0,73.0
3072485,0.74,0,74.0
3072800,1.0,0,100.0
3072815,0.63,0,63.0
3072944,0.66,0,66.0
3072968,0.0,1,-1.0
3073035,0.73,0,73.0
3073036,0.0,1,-1.0
3073039,0.73,0,73.0
3073159,0.76,0,76.0
3073248,0.73,0,73.0
3073341,0.0,1,-1.0
3073347,0.73,0,73.0
3073351,0.73,0,73.0
3073462,0.73,0,73.0
3073496,0.82,0,82.0
3073508,0.73,0,73.0
3073541,0.81,0,81.0
3073559,0.85,0,85.0
3073634,0.73,0,73.0
3073656,0.0,1,-1.0
3073770,0.85,0,85.0
3073791,0.74,0,74.0
3073796,0.73,0,73.0
3073936,0.75,0,75.0
3073943,0.73,0,73.0
3074056,0.72,0,72.0
3074111,0.76,0,76.0
3074114,0.73,0,73.0
3074141,0.73,0,73.0
3074193,0.73,0,73.0
3074358,0.73,0,73.0
3074423,0.73,0,73.0
3074517,0.96,0,96.0
3074532,0.73,0,73.0
3074592,0.78,0,78.0
3074599,0.8,0,80.0
3074664,0.88,0,88.0
3074674,0.74,0,74.0
3074693,0.73,0,73.0
3074779,0.78,0,78.0
3074855,0.62,0,62.0
3075030,0.73,0,73.0
3075161,0.91,0,91.0
3075168,0.73,0,73.0
3075222,0.73,0,73.0
3075229,0.73,0,73.0
3075408,0.84,0,84.0
3075415,0.93,0,93.0
3075444,0.73,0,73.0
3075473,0.78,0,78.0
3075567,0.77,0,77.0
3075573,0.0,1,-1.0
3075599,0.73,0,73.0
3075719,0.79,0,79.0
3075733,0.2,0,20.0
3075976,0.7,0,70.0
3075979,0.77,0,77.0
3076010,0.73,0,73.0
3076197,0.0,1,-1.0
3076354,0.72,0,72.0
3076484,0.73,0,73.0
3076614,0.82,0,82.0
3076647,0.73,0,73.0
3076673,0.92,0,92.0
3076717,0.73,0,73.0
3076720,0.0,1,-1.0
3076741,0.85,0,85.0
3076846,0.73,0,73.0
3076915,0.74,0,74.0
3076921,0.73,0,73.0
3076928,0.9,0,90.0
3076929,0.73,0,73.0
3076933,0.15,0,15.0
3077057,0.73,0,73.0
3077100,0.0,1,-1.0
3077302,0.73,0,73.0
3077303,0.73,0,73.0
3077591,0.73,0,73.0
3077672,0.77,0,77.0
3077719,0.73,0,73.0
3077814,0.72,0,72.0
3077878,0.73,0,73.0
3077929,0.73,0,73.0
3077981,0.74,0,74.0
3078005,0.67,0,67.0
3078055,0.0,1,-1.0
3078086,0.0,1,-1.0
3078093,0.73,0,73.0
3078099,0.73,0,73.0
3078235,0.73,0,73.0
3078344,0.73,0,73.0
3078359,0.73,0,73.0
3078374,0.96,0,96.0
3078449,0.73,0,73.0
3078459,0.73,0,73.0
3078471,0.65,0,65.0
3078534,0.73,0,73.0
3078554,0.73,0,73.0
3078588,0.73,0,73.0
3078708,0.73,0,73.0
3078727,0.73,0,73.0
3078792,0.72,0,72.0
3078816,0.74,0,74.0
3078836,0.96,0,96.0
3078850,0.75,0,75.0
3078856,0.73,0,73.0
3078862,0.55,0,55.0
3078939,0.73,0,73.0
3079016,0.73,0,73.0
3079037,0.59,0,59.0
3079113,0.73,0,73.0
3079129,0.7,0,70.0
3079229,0.68,0,68.0
3079308,0.8,0,80.0
3079589,0.78,0,78.0
3079646,0.48,0,48.0
3079668,0.0,1,-1.0
3079767,0.81,0,81.0
3079861,0.73,0,73.0
3080023,0.73,0,73.0
3080102,0.83,0,83.0
3080134,0.73,0,73.0
3080151,0.76,0,76.0
3080263,0.73,0,73.0
3080428,0.72,0,72.0
3080470,0.0,1,-1.0
3080482,0.73,0,73.0
3080816,0.69,0,69.0
3080902,0.73,0,73.0
3080979,0.73,0,73.0
3081020,0.73,0,73.0
3081122,0.73,0,73.0
3081131,0.0,1,-1.0
3081250,0.73,0,73.0
